Geneid,C1,C2,T1,T2
gene_000001,37,50,56,26
gene_000002,122,148,101,88
gene_000003,22,48,19,12
gene_000004,100,92,40,69
gene_000005,48,54,8,40
gene_000006,7,6,2,2
gene_000007,1690,2336,2034,2052
gene_000008,2,6,5,2
gene_000009,5,2,0,2
gene_000010,26,30,24,30
gene_000011,824,1127,560,553
gene_000012,754,981,534,502
gene_000013,4,8,14,4
gene_000014,8,4,10,10
gene_000015,4,8,2,0
gene_000016,33,39,34,28
gene_000017,283,325,202,185
gene_000018,105,103,50,63
gene_000019,91,58,60,46
gene_000020,16,5,8,8
gene_000021,10,2,14,5
gene_000022,685,1069,483,460
gene_000023,1573,2179,974,979
gene_000024,292,328,147,138
gene_000025,58,112,42,40
gene_000026,97,101,36,38
gene_000027,144,123,103,90
gene_000028,40,98,51,23
gene_000029,274,329,206,160
gene_000030,135,140,85,63
gene_000031,166,141,68,103
gene_000032,222,281,346,426
gene_000033,1289,1427,3336,3305
gene_000034,333,405,447,483
gene_000035,142,115,167,133
gene_000036,45,44,31,33
gene_000037,25,11,20,14
gene_000038,7,14,10,19
gene_000039,215,232,144,151
gene_000040,20,10,8,6
gene_000041,45,46,18,23
gene_000042,65,45,34,51
gene_000043,13,8,5,4
gene_000044,194,193,152,150
gene_000045,473,747,560,693
gene_000046,609,944,877,938
gene_000047,577,803,476,625
gene_000048,642,859,638,711
gene_000049,64,54,35,41
gene_000050,333,394,538,545
gene_000051,319,315,284,376
gene_000052,384,392,354,440
gene_000053,87,54,44,36
gene_000054,48,36,28,18
gene_000055,10,10,2,12
gene_000056,2,7,4,3
gene_000057,61,76,59,43
gene_000058,171,267,235,253
gene_000059,59,74,55,70
gene_000060,110,137,79,101
gene_000061,41,41,21,34
gene_000062,40,24,24,28
gene_000063,90,82,76,89
gene_000064,515,660,626,760
gene_000065,462,753,709,724
gene_000066,1697,2427,2083,2250
gene_000067,198,249,186,182
gene_000068,11,8,17,15
gene_000069,136,138,146,183
gene_000070,42,44,24,49
gene_000071,110,128,42,46
gene_000072,62,64,44,38
gene_000073,44,38,42,22
gene_000074,82,111,113,120
gene_000075,66,69,69,52
gene_000076,35,37,20,25
gene_000077,343,434,227,241
gene_000078,366,492,371,321
gene_000079,199,228,153,206
gene_000080,30,39,36,31
gene_000081,20,21,30,14
gene_000082,72,94,67,66
gene_000083,3965,4567,4727,4826
gene_000084,153,167,103,140
gene_000085,804,961,332,349
gene_000086,422,536,212,233
gene_000087,64,124,54,52
gene_000088,836,1049,950,1073
gene_000089,235,304,217,231
gene_000090,134,132,108,103
gene_000091,47,40,19,28
gene_000092,392,441,227,221
gene_000093,223,278,151,202
gene_000094,50,54,56,41
gene_000095,335,390,380,351
gene_000096,26,20,13,15
gene_000097,40,50,54,25
gene_000098,201,233,145,159
gene_000099,31,9,13,19
gene_000100,86,91,49,40
gene_000101,94,72,60,106
gene_000103,191,206,139,184
gene_000104,422,530,356,318
gene_000105,132,130,85,95
gene_000106,318,405,317,307
gene_000107,21,5,3,4
gene_000108,804,764,488,542
gene_000109,404,489,342,395
gene_000110,648,804,1012,998
gene_000111,197,206,186,179
gene_000112,34,59,36,47
gene_000113,38,33,58,41
gene_000114,208,227,251,259
gene_000115,80,81,47,60
gene_000116,0,9,6,15
gene_000117,10,8,4,10
gene_000118,19,8,10,8
gene_000119,26,11,17,25
gene_000120,14,37,31,28
gene_000121,0,5,0,2
gene_000122,32,51,30,48
gene_000123,94,86,76,87
gene_000124,471,513,451,477
gene_000125,76,78,67,84
gene_000126,42,37,44,39
gene_000127,316,334,292,361
gene_000128,5,5,2,12
gene_000129,36,44,49,51
gene_000130,48,56,71,78
gene_000131,97,63,634,672
gene_000132,141,99,336,309
gene_000133,397,432,396,450
gene_000134,197,254,125,163
gene_000135,25,45,28,28
gene_000136,101,100,68,101
gene_000137,423,509,626,608
gene_000138,78,138,148,142
gene_000139,912,1209,1264,1309
gene_000140,99,144,141,152
gene_000141,405,641,512,601
gene_000142,89,135,70,100
gene_000143,150,154,195,215
gene_000144,46,63,25,33
gene_000145,78,106,69,88
gene_000146,1504,2402,2564,2588
gene_000147,42,49,68,84
gene_000148,141,162,149,163
gene_000150,60,34,36,38
gene_000151,195,259,186,255
gene_000152,194,253,275,230
gene_000153,23,14,43,19
gene_000154,18,18,35,21
gene_000155,8,9,4,4
gene_000156,26,41,22,20
gene_000157,38,24,17,26
gene_000158,429,442,394,431
gene_000159,8,10,3,14
gene_000160,195,218,197,271
gene_000161,46,87,94,75
gene_000162,131,133,98,86
gene_000163,6,9,5,6
gene_000165,201,177,140,171
gene_000166,578,838,689,795
gene_000167,194,287,257,360
gene_000168,511,537,456,555
gene_000169,1539,1621,1156,1343
gene_000170,175,182,134,154
gene_000171,103,106,87,123
gene_000172,56,58,57,68
gene_000173,514,570,946,903
gene_000174,42,54,53,43
gene_000175,62,63,63,60
gene_000176,216,193,255,237
gene_000177,503,582,520,642
gene_000178,113,172,75,79
gene_000179,230,324,463,553
gene_000180,630,726,987,1200
gene_000181,18,15,9,12
gene_000182,465,567,671,718
gene_000183,3608,4751,3552,4169
gene_000184,2735,3772,3637,3884
gene_000185,417,593,533,522
gene_000186,132,158,226,236
gene_000187,261,217,171,181
gene_000188,227,298,224,208
gene_000189,573,700,609,622
gene_000190,334,376,272,284
gene_000191,263,347,237,259
gene_000192,36,17,37,25
gene_000193,175,148,136,149
gene_000194,114,109,85,91
gene_000195,151,130,91,98
gene_000196,94,99,92,72
gene_000197,110,122,79,113
gene_000198,143,212,117,113
gene_000199,91,144,63,81
gene_000200,95,143,103,99
gene_000201,944,1030,731,903
gene_000202,367,446,252,327
gene_000203,47,18,22,19
gene_000204,71,48,36,54
gene_000205,186,248,246,216
gene_000206,239,270,345,296
gene_000207,271,270,172,185
gene_000208,193,202,154,217
gene_000209,121,211,140,179
gene_000210,195,237,156,182
gene_000211,67,92,97,69
gene_000212,15,23,19,16
gene_000213,13,14,4,6
gene_000214,3,10,5,1
gene_000215,27,35,45,23
gene_000216,327,478,247,326
gene_000217,37,28,25,17
gene_000218,63,87,76,106
gene_000219,188,267,230,213
gene_000220,225,193,187,234
gene_000221,131,157,169,177
gene_000222,35,63,30,31
gene_000223,288,309,221,233
gene_000224,212,200,156,217
gene_000225,357,328,392,329
gene_000226,103,125,145,160
gene_000227,669,802,831,887
gene_000228,875,1101,889,977
gene_000229,79,81,111,77
gene_000230,11,16,26,18
gene_000231,14,4,10,6
gene_000232,8,16,12,4
gene_000233,110,249,277,189
gene_000234,96,74,102,97
gene_000235,245,289,252,323
gene_000236,146,163,91,105
gene_000237,144,206,138,180
gene_000238,126,105,107,78
gene_000239,4,6,0,3
gene_000240,69,72,24,29
gene_000241,75,60,74,64
gene_000242,71,78,54,67
gene_000243,40,47,112,120
gene_000244,46,53,233,271
gene_000245,74,71,69,78
gene_000246,3018,3386,2491,2611
gene_000247,186,213,193,212
gene_000248,536,858,927,873
gene_000249,488,682,497,654
gene_000250,39,40,27,34
gene_000251,94,100,79,103
gene_000252,175,134,228,259
gene_000253,25,32,36,50
gene_000254,167,184,489,542
gene_000255,22,43,26,36
gene_000256,230,209,178,234
gene_000257,121,95,77,100
gene_000258,71,74,39,44
gene_000259,309,298,144,152
gene_000260,152,249,794,849
gene_000261,716,1146,1275,1261
gene_000262,232,280,207,225
gene_000263,644,651,331,414
gene_000264,89,99,94,77
gene_000265,144,108,131,150
gene_000266,103,82,51,86
gene_000267,1208,1337,1193,1445
gene_000268,152,177,224,231
gene_000269,316,414,336,375
gene_000270,508,601,387,412
gene_000271,62,83,57,66
gene_000272,22,23,8,3
gene_000273,232,209,146,162
gene_000274,206,239,160,231
gene_000275,29,29,33,51
gene_000277,62,48,54,55
gene_000278,75,42,35,51
gene_000279,88,90,153,91
gene_000280,29,28,19,31
gene_000281,79,87,82,74
gene_000282,49,30,12,24
gene_000283,427,601,444,531
gene_000284,44,44,68,49
gene_000285,153,168,198,168
gene_000286,7,14,6,2
gene_000287,367,445,357,401
gene_000288,136,144,85,141
gene_000289,835,1165,1063,1121
gene_000290,197,249,204,252
gene_000291,109,121,132,134
gene_000292,57,77,65,63
gene_000293,156,186,186,179
gene_000294,174,225,179,203
gene_000295,50,61,83,88
gene_000296,2318,2172,1964,2105
gene_000297,84,135,609,572
gene_000298,43,65,63,78
gene_000299,155,181,126,128
gene_000300,70,104,88,102
gene_000301,494,629,582,632
gene_000302,5799,6823,2719,2864
gene_000303,858,1097,724,720
gene_000304,52,22,20,34
gene_000305,31,39,55,73
gene_000306,333,389,468,593
gene_000307,210,349,192,211
gene_000308,114,158,172,189
gene_000309,321,439,559,623
gene_000310,281,293,307,303
gene_000311,571,923,785,919
gene_000312,288,298,441,491
gene_000313,101,128,80,96
gene_000314,34,34,34,28
gene_000315,97,115,124,134
gene_000316,291,318,321,390
gene_000317,2299,2004,1803,2184
gene_000318,105,188,144,153
gene_000319,180,230,144,194
gene_000320,287,387,292,310
gene_000321,991,1148,806,906
gene_000322,159,240,299,297
gene_000323,80,134,142,175
gene_000324,395,393,667,705
gene_000325,291,318,432,521
gene_000326,129,133,273,291
gene_000327,96,122,78,68
gene_000328,66,80,36,60
gene_000329,8,17,17,5
gene_000330,29,18,16,16
gene_000331,20,4,24,26
gene_000332,9,2,0,8
gene_000333,12,4,6,2
gene_000334,126,133,133,138
gene_000335,162,198,163,193
gene_000336,831,875,1008,1219
gene_000337,2888,3366,3244,3799
gene_000338,934,1155,1199,1404
gene_000339,221,294,335,340
gene_000340,2,7,14,4
gene_000341,82,72,35,59
gene_000342,11046,11055,8710,10141
gene_000343,185,192,266,296
gene_000344,55,42,34,21
gene_000345,58,34,44,37
gene_000346,23,31,41,42
gene_000347,13,10,18,20
gene_000348,72,81,75,71
gene_000349,138,154,111,117
gene_000350,1255,1576,1245,1208
gene_000351,1305,1280,1929,2048
gene_000352,1068,1252,823,929
gene_000353,113,114,62,59
gene_000354,31,14,23,10
gene_000355,192,217,192,220
gene_000356,182,150,136,116
gene_000357,131,238,122,136
gene_000358,118,144,118,144
gene_000359,196,200,236,217
gene_000360,57,62,40,40
gene_000361,558,835,823,891
gene_000362,241,409,425,361
gene_000363,88,80,74,58
gene_000364,396,412,270,306
gene_000365,121,92,159,171
gene_000366,85,73,172,186
gene_000367,59,47,82,61
gene_000368,2040,2329,2305,2560
gene_000369,3559,3904,4703,5284
gene_000370,152,257,279,263
gene_000371,345,480,500,410
gene_000372,0,13,6,4
gene_000373,29,44,27,31
gene_000374,172,213,224,264
gene_000375,275,298,200,213
gene_000376,181,253,456,495
gene_000377,110,112,2747,2996
gene_000378,45,26,876,982
gene_000379,39,62,52,41
gene_000380,98,105,35,40
gene_000381,6,8,8,6
gene_000382,492,629,502,558
gene_000383,117,134,111,122
gene_000384,44,36,37,45
gene_000385,908,1071,1114,1176
gene_000386,73,109,105,86
gene_000387,292,321,226,246
gene_000388,20,64,28,38
gene_000389,53,64,44,65
gene_000390,204,386,411,414
gene_000391,131,131,96,91
gene_000392,4,10,6,2
gene_000393,16,18,8,12
gene_000394,320,308,439,393
gene_000395,308,374,252,283
gene_000396,434,548,406,425
gene_000397,137,152,110,180
gene_000398,254,276,168,229
gene_000399,143,129,124,97
gene_000400,792,1124,1527,1660
gene_000401,402,389,417,460
gene_000402,246,375,239,218
gene_000403,469,552,998,937
gene_000404,75,75,54,70
gene_000405,242,416,406,362
gene_000406,380,461,257,294
gene_000407,483,455,408,406
gene_000408,602,690,525,572
gene_000409,2275,3068,2336,2609
gene_000410,228,318,166,150
gene_000411,837,1027,556,567
gene_000412,878,1172,478,613
gene_000413,265,345,135,135
gene_000414,184,217,72,66
gene_000415,432,657,413,334
gene_000416,38,48,43,37
gene_000417,616,597,362,504
gene_000418,999,1090,656,800
gene_000419,1433,1555,903,871
gene_000420,1312,1561,852,881
gene_000421,604,691,215,252
gene_000422,655,712,178,255
gene_000423,410,537,212,285
gene_000424,358,436,200,192
gene_000425,105,195,75,97
gene_000426,179,204,127,107
gene_000427,167,245,83,142
gene_000428,152,181,82,96
gene_000429,267,292,154,223
gene_000430,708,618,631,664
gene_000431,60,60,38,24
gene_000432,236,265,241,253
gene_000433,34,24,20,44
gene_000434,7,4,8,7
gene_000435,140,171,116,109
gene_000436,253,320,302,334
gene_000437,11196,17045,19512,20719
gene_000438,313,276,188,192
gene_000439,246,245,237,242
gene_000440,53,34,23,47
gene_000441,46,73,51,62
gene_000442,66,84,111,76
gene_000443,512,595,635,651
gene_000444,21,53,26,40
gene_000445,62,70,28,32
gene_000446,552,556,446,492
gene_000447,115,136,77,67
gene_000448,482,642,375,453
gene_000449,664,818,395,434
gene_000450,87,78,31,45
gene_000451,103,108,45,66
gene_000452,527,579,304,389
gene_000453,75,50,48,47
gene_000454,481,517,293,371
gene_000455,183,178,102,77
gene_000456,12,19,2,18
gene_000457,0,0,0,0
gene_000458,18,37,15,8
gene_000459,16,20,24,9
gene_000460,36,42,22,18
gene_000461,65,78,27,28
gene_000462,4,8,41,32
gene_000463,185,171,170,247
gene_000464,261,300,167,233
gene_000465,24,20,22,28
gene_000466,727,850,732,851
gene_000467,380,494,369,406
gene_000469,149,204,175,139
gene_000470,59,54,48,49
gene_000471,121,100,91,86
gene_000472,484,522,475,429
gene_000473,113,114,89,87
gene_000474,953,1289,1445,1401
gene_000475,865,1133,1112,1173
gene_000476,187,235,199,192
gene_000477,826,880,900,774
gene_000479,226,275,190,208
gene_000480,58,66,72,92
gene_000481,72,43,102,95
gene_000482,86,131,74,77
gene_000483,11,16,10,18
gene_000484,18,27,12,14
gene_000485,72,112,46,59
gene_000486,22,24,158,130
gene_000487,156,182,386,407
gene_000488,579,681,532,576
gene_000489,101,143,98,116
gene_000490,73,63,63,78
gene_000491,2,14,4,8
gene_000492,3,0,5,10
gene_000493,162,177,152,135
gene_000494,74,85,48,87
gene_000495,217,223,236,305
gene_000496,110,119,153,151
gene_000497,190,298,344,244
gene_000498,146,139,143,205
gene_000499,415,471,503,497
gene_000500,19,21,42,37
gene_000501,366,412,293,406
gene_000502,420,543,393,501
gene_000503,85,113,124,107
gene_000504,68,81,91,77
gene_000505,108,119,105,124
gene_000506,104,105,85,110
gene_000507,39,67,32,46
gene_000508,29,34,12,22
gene_000509,226,240,704,746
gene_000510,642,567,1188,1142
gene_000511,199,256,297,400
gene_000512,315,410,197,201
gene_000513,336,385,267,340
gene_000514,311,397,378,416
gene_000515,82,78,111,118
gene_000516,242,262,237,213
gene_000517,1124,1607,1587,1563
gene_000518,731,1149,895,984
gene_000519,23,12,12,4
gene_000520,412,562,411,369
gene_000521,22,14,0,16
gene_000522,125,112,104,105
gene_000523,32,20,14,13
gene_000524,14,44,21,12
gene_000525,273,290,246,279
gene_000526,380,533,619,700
gene_000527,97,138,104,88
gene_000528,272,240,225,305
gene_000529,156,171,156,200
gene_000530,2870,4048,3959,4376
gene_000531,140,141,68,91
gene_000532,66,86,52,59
gene_000533,314,315,206,206
gene_000534,736,813,677,859
gene_000535,175,155,127,132
gene_000536,109,89,96,100
gene_000537,195,263,47,74
gene_000538,188,223,128,185
gene_000539,136,177,131,117
gene_000540,242,238,186,185
gene_000541,36,55,36,29
gene_000542,156,125,110,118
gene_000543,1079,1433,1287,1523
gene_000544,176,242,134,130
gene_000545,149,200,119,117
gene_000546,218,230,234,240
gene_000547,265,431,338,429
gene_000548,92,71,62,48
gene_000549,95,113,91,131
gene_000550,20,26,22,28
gene_000551,280,451,272,234
gene_000552,347,448,287,319
gene_000553,36,44,30,31
gene_000554,24,18,16,10
gene_000555,57,95,61,58
gene_000556,465,693,262,330
gene_000557,107,82,8,14
gene_000558,31,42,4,10
gene_000559,99,103,12,10
gene_000560,154,120,10,21
gene_000561,78,66,13,11
gene_000562,381,548,88,117
gene_000563,60,76,39,34
gene_000564,898,929,775,818
gene_000565,427,442,373,365
gene_000566,100,88,65,57
gene_000567,72,88,42,56
gene_000568,10,8,3,1
gene_000569,50,62,54,44
gene_000570,59,64,42,45
gene_000571,11,13,10,6
gene_000572,160,234,252,244
gene_000573,305,438,471,500
gene_000574,583,536,338,458
gene_000575,520,582,437,566
gene_000576,560,674,739,827
gene_000577,308,427,276,243
gene_000578,334,354,328,308
gene_000579,92,103,140,127
gene_000580,144,166,107,110
gene_000581,13,10,14,2
gene_000582,1,2,0,0
gene_000583,30,5,0,8
gene_000584,28,10,19,10
gene_000585,2,9,0,2
gene_000586,17,5,6,2
gene_000587,16,4,4,2
gene_000588,31,56,22,22
gene_000589,5,10,6,12
gene_000590,14,0,5,6
gene_000591,48,22,22,8
gene_000592,8,12,12,22
gene_000593,10,4,18,10
gene_000594,97,101,58,46
gene_000595,24,20,32,18
gene_000596,390,406,408,427
gene_000597,158,134,147,153
gene_000598,112,140,117,91
gene_000599,73,72,73,58
gene_000600,96,96,385,339
gene_000601,15,23,89,96
gene_000602,241,269,539,591
gene_000603,10,8,9,4
gene_000604,169,190,167,154
gene_000605,44,28,24,27
gene_000606,14,22,10,2
gene_000607,67,48,46,40
gene_000608,52,48,11,35
gene_000609,74,84,54,58
gene_000610,247,256,207,282
gene_000611,2,4,15,9
gene_000612,375,417,308,367
gene_000613,2137,2428,2225,2518
gene_000614,301,523,342,341
gene_000615,132,203,157,221
gene_000616,3,2,0,6
gene_000617,70,94,62,75
gene_000618,76,80,81,77
gene_000619,10,9,4,14
gene_000620,1,4,6,4
gene_000621,826,1003,988,1122
gene_000622,272,333,333,342
gene_000623,18,21,21,30
gene_000624,51,62,100,96
gene_000625,97,120,109,152
gene_000626,119,92,186,176
gene_000627,140,166,156,157
gene_000628,31,10,25,22
gene_000629,51,56,58,36
gene_000630,32,42,39,30
gene_000631,15,8,18,4
gene_000632,9,2,10,27
gene_000633,42,51,30,29
gene_000634,207,213,241,255
gene_000635,32,27,17,25
gene_000636,159,238,168,140
gene_000637,379,447,450,444
gene_000638,311,408,522,433
gene_000639,33,38,30,36
gene_000640,16,26,37,12
gene_000641,1107,1196,1233,1239
gene_000642,461,445,491,532
gene_000643,698,1031,1025,1229
gene_000644,652,930,1312,1151
gene_000645,21,51,44,50
gene_000646,83,64,92,108
gene_000647,828,1054,581,714
gene_000648,416,561,558,665
gene_000649,4214,5716,3486,4039
gene_000650,2975,4648,5188,5503
gene_000651,667,976,1133,1344
gene_000652,460,556,426,461
gene_000653,710,882,725,748
gene_000654,337,428,337,337
gene_000655,645,645,455,459
gene_000656,335,360,346,399
gene_000657,92,84,111,112
gene_000658,2600,2911,3473,3606
gene_000659,165,146,148,140
gene_000660,919,888,1179,956
gene_000661,241,383,355,373
gene_000662,700,806,590,633
gene_000663,31,31,34,45
gene_000664,18,13,38,16
gene_000665,230,304,289,326
gene_000666,217,218,195,250
gene_000667,129,159,102,142
gene_000668,171,187,175,208
gene_000669,242,218,181,268
gene_000670,115,114,97,116
gene_000671,276,259,288,264
gene_000672,229,249,296,308
gene_000673,23,19,21,34
gene_000674,6,2,2,12
gene_000675,24,28,30,18
gene_000677,67,56,42,51
gene_000678,48,62,63,88
gene_000679,1291,1941,1978,2178
gene_000680,381,385,443,506
gene_000681,184,287,228,280
gene_000682,81,140,131,123
gene_000683,521,617,588,584
gene_000684,72,78,60,63
gene_000685,1683,2091,1484,1704
gene_000686,154,251,175,184
gene_000687,127,138,74,78
gene_000688,335,373,452,458
gene_000689,663,802,742,842
gene_000690,526,758,680,626
gene_000691,151,130,766,696
gene_000692,101,110,131,121
gene_000693,6,0,8,0
gene_000694,8,2,0,0
gene_000695,2,7,4,4
gene_000696,9,18,9,5
gene_000697,113,126,98,127
gene_000698,16,14,3,15
gene_000699,88,90,72,58
gene_000700,263,271,228,298
gene_000701,217,228,196,226
gene_000702,4,2,64,50
gene_000703,2,5,6,2
gene_000704,141,106,267,248
gene_000705,11,30,5,14
gene_000706,114,97,45,45
gene_000707,21,31,10,17
gene_000708,16,16,5,7
gene_000709,119,125,106,126
gene_000710,85,84,61,45
gene_000711,92,70,63,84
gene_000712,232,218,239,224
gene_000713,161,201,149,194
gene_000714,113,120,143,111
gene_000715,113,137,84,95
gene_000716,66,65,45,63
gene_000717,439,471,480,535
gene_000718,2,0,2,2
gene_000719,6,6,2,6
gene_000720,44,28,14,27
gene_000721,85,157,102,133
gene_000722,1095,1234,1058,1216
gene_000723,23,35,45,35
gene_000724,140,151,147,168
gene_000725,0,6,8,4
gene_000726,12,11,18,6
gene_000727,175,194,205,218
gene_000728,19,31,12,20
gene_000729,81,63,68,84
gene_000730,49,65,87,88
gene_000731,174,219,173,176
gene_000732,251,285,2795,3003
gene_000733,262,306,268,291
gene_000734,991,1050,999,1026
gene_000735,105,94,166,236
gene_000736,186,224,159,191
gene_000737,140,138,134,154
gene_000738,869,1181,1238,1202
gene_000739,220,275,405,371
gene_000740,205,312,222,259
gene_000741,602,766,859,900
gene_000742,14,10,12,22
gene_000743,1000,1107,1242,1400
gene_000744,710,1097,1506,1423
gene_000745,195,239,218,319
gene_000746,39,61,30,50
gene_000747,54,105,54,71
gene_000748,16,37,25,33
gene_000749,197,224,155,116
gene_000750,17,28,10,10
gene_000751,11,17,8,6
gene_000752,20,7,48,96
gene_000753,98,110,119,97
gene_000754,15,29,20,14
gene_000755,48,60,74,64
gene_000757,53,62,73,83
gene_000758,91,108,176,250
gene_000759,376,447,280,260
gene_000760,411,507,275,282
gene_000761,206,311,173,166
gene_000762,537,925,555,463
gene_000763,10,10,2,2
gene_000764,46,34,40,38
gene_000765,105,120,93,89
gene_000766,764,1005,933,1008
gene_000767,5,6,13,8
gene_000768,603,631,467,588
gene_000769,1461,1649,1698,1611
gene_000770,14,6,5,6
gene_000771,117,125,87,105
gene_000772,72,68,40,38
gene_000773,12,10,2,11
gene_000774,474,646,549,541
gene_000775,148,149,114,109
gene_000776,315,332,196,215
gene_000777,292,293,230,217
gene_000778,202,248,221,252
gene_000779,755,999,756,807
gene_000780,133,169,100,119
gene_000781,147,142,80,114
gene_000782,40,34,22,18
gene_000783,66,82,82,36
gene_000784,86,77,72,53
gene_000785,706,994,1081,1114
gene_000786,204,233,350,308
gene_000787,178,197,133,191
gene_000788,465,549,514,545
gene_000789,90,155,87,119
gene_000790,30,59,36,19
gene_000791,136,164,128,116
gene_000792,130,130,73,113
gene_000793,68,62,40,57
gene_000794,321,263,171,244
gene_000795,261,205,109,100
gene_000796,615,782,383,401
gene_000797,50,47,16,56
gene_000798,21,14,34,23
gene_000799,82,80,83,73
gene_000800,193,228,161,191
gene_000801,377,438,411,413
gene_000802,324,361,249,236
gene_000803,1065,1297,1119,1157
gene_000804,759,641,506,571
gene_000805,574,793,647,761
gene_000806,806,1179,1093,1311
gene_000807,647,831,969,798
gene_000808,4403,6102,5735,5802
gene_000809,188,244,111,152
gene_000810,80,107,75,68
gene_000811,315,391,391,396
gene_000812,61,39,47,41
gene_000813,240,270,202,195
gene_000814,233,257,178,226
gene_000815,208,176,183,263
gene_000816,2,0,1,4
gene_000817,117,138,191,203
gene_000818,207,235,198,216
gene_000819,1120,1279,1032,1069
gene_000820,273,372,316,362
gene_000821,679,1021,989,1053
gene_000822,133,184,200,176
gene_000823,73,59,107,124
gene_000824,134,140,142,121
gene_000825,14,19,64,35
gene_000826,36,34,32,21
gene_000827,409,482,655,594
gene_000828,185,246,294,274
gene_000829,267,236,215,305
gene_000830,450,480,352,385
gene_000831,196,261,142,204
gene_000832,496,567,662,528
gene_000833,10,5,0,4
gene_000834,189,256,152,201
gene_000835,279,444,318,410
gene_000836,305,482,324,345
gene_000837,395,664,631,623
gene_000838,269,460,448,430
gene_000839,220,327,319,359
gene_000840,2790,4011,3454,3710
gene_000841,1541,2185,1725,1956
gene_000842,466,675,617,783
gene_000843,214,263,169,192
gene_000844,92,114,100,110
gene_000845,32,40,28,23
gene_000846,91,113,134,92
gene_000847,196,211,352,423
gene_000848,8,25,102,94
gene_000849,24,19,49,34
gene_000850,469,523,403,472
gene_000851,140,130,104,102
gene_000852,108,77,35,41
gene_000853,44,37,24,32
gene_000854,61,69,35,31
gene_000855,677,993,1085,1168
gene_000856,281,357,247,229
gene_000857,69,90,98,111
gene_000858,35,19,56,35
gene_000859,321,394,462,569
gene_000860,370,415,342,405
gene_000861,809,1028,1073,1237
gene_000862,823,840,820,964
gene_000863,93,89,130,110
gene_000864,11876,18089,16809,17311
gene_000865,6069,7531,5506,7236
gene_000866,3021,3797,2876,3222
gene_000867,435,483,472,523
gene_000868,324,386,359,313
gene_000869,86,121,96,88
gene_000870,122,229,179,145
gene_000871,72,77,67,57
gene_000872,21,24,48,43
gene_000873,95,80,77,101
gene_000874,39,42,146,187
gene_000875,164,138,165,198
gene_000876,219,190,163,154
gene_000877,34,47,22,27
gene_000878,96,80,40,58
gene_000879,139,157,110,122
gene_000880,65,90,66,94
gene_000881,20,34,17,4
gene_000882,74,73,76,77
gene_000883,37,61,74,89
gene_000884,79,45,53,42
gene_000885,43,35,22,30
gene_000886,131,155,239,259
gene_000887,170,295,267,336
gene_000888,818,1098,1244,1324
gene_000889,52,45,18,47
gene_000890,229,299,140,185
gene_000891,1096,1275,1285,1207
gene_000892,525,708,460,563
gene_000893,66,143,98,118
gene_000894,198,273,178,227
gene_000895,237,268,211,231
gene_000896,110,75,66,70
gene_000897,256,395,296,340
gene_000898,28,21,25,33
gene_000899,3,4,3,1
gene_000900,31,34,36,23
gene_000901,45,47,34,30
gene_000902,1140,1206,982,1066
gene_000903,114,111,50,90
gene_000904,601,826,488,563
gene_000905,4,5,12,12
gene_000906,62,62,40,39
gene_000907,215,272,272,276
gene_000908,608,714,933,832
gene_000909,35,43,34,32
gene_000910,5,14,9,12
gene_000911,169,162,151,160
gene_000912,232,256,281,279
gene_000913,48,61,50,52
gene_000914,132,144,128,121
gene_000915,176,136,174,148
gene_000916,108,127,102,129
gene_000917,105,120,91,97
gene_000918,1445,1930,1587,1669
gene_000919,199,213,142,217
gene_000920,403,546,438,396
gene_000922,66,64,94,92
gene_000923,150,117,193,196
gene_000924,84,55,193,230
gene_000925,113,162,149,144
gene_000926,209,210,285,349
gene_000927,364,342,698,673
gene_000928,731,675,2067,2331
gene_000929,422,418,1409,1332
gene_000930,39,42,169,180
gene_000931,136,114,78,101
gene_000932,102,78,705,723
gene_000933,88,90,596,667
gene_000934,22,36,557,477
gene_000935,223,280,3694,3788
gene_000936,122,146,120,145
gene_000937,52,88,56,48
gene_000938,35,58,31,28
gene_000939,200,223,233,281
gene_000940,174,161,122,126
gene_000941,1619,2300,1845,2009
gene_000942,118,132,138,162
gene_000943,61,44,46,61
gene_000944,590,764,575,624
gene_000945,444,652,509,481
gene_000946,37,77,50,59
gene_000947,278,427,364,372
gene_000948,15,36,26,28
gene_000949,6,2,4,2
gene_000950,2,2,2,2
gene_000951,0,2,0,0
gene_000952,748,1192,1020,1147
gene_000953,706,1022,957,901
gene_000954,179,218,197,206
gene_000955,205,226,209,217
gene_000956,122,131,129,110
gene_000957,143,169,138,178
gene_000958,104,84,94,102
gene_000959,41,50,85,76
gene_000960,92,129,55,128
gene_000961,34,58,16,49
gene_000962,62,71,116,95
gene_000963,182,180,147,178
gene_000964,6,12,15,9
gene_000965,32,31,22,11
gene_000966,85,120,50,85
gene_000967,110,94,111,126
gene_000968,112,148,1160,1397
gene_000969,81,123,92,106
gene_000970,621,791,426,516
gene_000971,59,43,25,59
gene_000972,10,0,0,3
gene_000973,7,5,4,5
gene_000974,38,31,9,10
gene_000975,7,10,6,6
gene_000976,194,202,176,186
gene_000977,35,20,12,28
gene_000978,200,238,178,175
gene_000979,26,33,55,72
gene_000980,1280,1644,1802,2196
gene_000981,1418,1783,2418,2418
gene_000982,0,0,4,2
gene_000983,129,149,105,119
gene_000984,96,95,51,54
gene_000985,95,132,124,100
gene_000986,1186,1437,1032,1202
gene_000987,291,319,258,290
gene_000988,12,9,14,4
gene_000989,138,118,60,53
gene_000990,36,31,24,40
gene_000991,52,56,45,55
gene_000992,68,66,54,54
gene_000993,228,319,548,513
gene_000994,53,42,42,56
gene_000995,0,13,6,11
gene_000996,274,334,292,365
gene_000997,297,498,419,439
gene_000998,297,375,448,386
gene_000999,340,599,792,706
gene_001000,116,156,107,189
gene_001001,497,664,632,708
gene_001002,788,1216,1008,1136
gene_001003,413,524,512,561
gene_001004,755,1027,938,1055
gene_001005,225,277,148,161
gene_001006,40,62,50,39
gene_001007,172,336,311,228
gene_001008,49,70,34,27
gene_001009,146,141,175,178
gene_001010,906,1293,1320,1493
gene_001011,452,534,697,657
gene_001012,218,259,244,261
gene_001013,9,9,6,12
gene_001014,149,221,204,168
gene_001015,165,178,131,101
gene_001016,153,259,207,205
gene_001017,140,163,86,75
gene_001018,1276,1903,1997,1968
gene_001019,65,74,38,77
gene_001020,67,71,56,56
gene_001021,23,31,35,23
gene_001022,48,50,52,43
gene_001023,11,20,16,28
gene_001024,116,100,114,120
gene_001025,109,203,94,108
gene_001026,220,225,308,318
gene_001027,117,163,145,169
gene_001028,3243,2867,3010,3360
gene_001029,124,172,260,311
gene_001030,169,251,201,230
gene_001031,38,46,24,27
gene_001032,48,63,64,95
gene_001033,319,321,273,296
gene_001034,26,28,49,24
gene_001035,52,78,68,56
gene_001036,0,2,4,6
gene_001037,51,66,74,76
gene_001038,45,36,58,28
gene_001039,76,95,71,89
gene_001040,55,61,40,71
gene_001041,37,22,42,36
gene_001042,170,215,156,171
gene_001043,56,56,51,105
gene_001044,770,967,826,917
gene_001045,1100,1556,1378,1262
gene_001046,78,57,58,62
gene_001047,5491,6750,11494,11850
gene_001048,619,778,1153,1248
gene_001049,401,405,374,485
gene_001050,115,151,133,77
gene_001051,36,28,17,31
gene_001052,16,13,14,15
gene_001053,74,72,82,75
gene_001054,14,15,18,0
gene_001055,96,114,34,91
gene_001056,24,16,4,14
gene_001057,26,18,6,2
gene_001058,171,175,122,141
gene_001059,39,51,35,39
gene_001060,38,40,12,8
gene_001061,66,92,30,51
gene_001062,850,1016,758,752
gene_001063,162,222,165,204
gene_001064,68,61,71,70
gene_001065,64,62,87,89
gene_001066,65,92,75,60
gene_001067,79,134,109,159
gene_001068,523,494,462,554
gene_001069,180,166,56,81
gene_001070,9,8,6,4
gene_001071,302,281,217,203
gene_001072,540,735,431,532
gene_001073,24,36,31,22
gene_001074,0,2,17,7
gene_001075,75,62,44,79
gene_001076,18,27,10,7
gene_001077,45,37,30,29
gene_001078,660,703,567,624
gene_001079,899,929,679,785
gene_001080,120,109,67,97
gene_001081,115,125,78,72
gene_001082,40,27,12,10
gene_001083,16,41,22,22
gene_001084,38,28,20,22
gene_001085,55,61,38,69
gene_001086,20,12,8,12
gene_001088,70,53,58,40
gene_001089,26,27,51,60
gene_001090,56,33,42,54
gene_001091,100,118,152,148
gene_001092,7,12,181,172
gene_001093,4,0,8,9
gene_001094,86,117,106,132
gene_001095,51,56,35,39
gene_001096,75,88,715,644
gene_001097,173,140,5020,5535
gene_001098,85,74,71,75
gene_001099,11,18,12,9
gene_001100,6,20,8,8
gene_001101,54,43,30,30
gene_001102,236,280,347,335
gene_001103,34,16,26,33
gene_001104,20,16,15,26
gene_001105,4,0,8,0
gene_001106,326,287,317,370
gene_001107,314,366,525,538
gene_001108,188,198,227,261
gene_001109,79,68,71,90
gene_001110,286,319,403,419
gene_001111,218,200,239,299
gene_001112,89,81,55,77
gene_001113,1199,1456,963,1057
gene_001114,79,80,66,41
gene_001115,200,247,163,189
gene_001116,12,3,6,1
gene_001117,52,66,99,76
gene_001118,22,16,24,23
gene_001119,18,32,31,27
gene_001120,313,416,436,494
gene_001121,190,223,288,259
gene_001122,20,20,115,136
gene_001123,6,7,8,13
gene_001124,199,210,125,136
gene_001125,74,52,48,54
gene_001126,23,22,289,284
gene_001127,52,62,414,508
gene_001128,8498,9959,11587,12950
gene_001129,80,93,109,103
gene_001130,20,4,5,4
gene_001131,32,20,28,39
gene_001132,230,270,236,252
gene_001133,259,251,151,185
gene_001134,782,1270,751,753
gene_001135,761,893,771,856
gene_001136,90,76,12,14
gene_001138,14,23,28,18
gene_001139,594,652,470,495
gene_001140,164,228,131,153
gene_001141,114,100,84,81
gene_001142,88,49,24,38
gene_001143,202,185,77,112
gene_001144,30,61,29,29
gene_001145,123,141,58,81
gene_001146,162,196,92,111
gene_001147,14,7,12,26
gene_001148,80,112,67,50
gene_001149,130,203,112,136
gene_001150,322,442,301,425
gene_001151,413,538,395,490
gene_001152,273,284,300,319
gene_001153,46,98,38,58
gene_001154,59,60,40,30
gene_001155,0,1,6,3
gene_001156,117,227,132,126
gene_001157,21,19,2,19
gene_001158,45,79,55,51
gene_001159,1282,1265,559,724
gene_001160,570,565,570,550
gene_001161,117,103,50,49
gene_001162,67,60,31,35
gene_001163,155,168,51,67
gene_001164,224,244,209,212
gene_001165,332,408,290,314
gene_001166,18,26,9,16
gene_001167,189,182,133,139
gene_001168,221,216,201,227
gene_001170,995,1104,750,835
gene_001171,118,119,71,61
gene_001172,119,132,105,94
gene_001173,7504,7596,8999,8229
gene_001174,138,158,126,143
gene_001175,84,92,80,73
gene_001176,423,432,428,464
gene_001177,308,370,306,437
gene_001178,327,463,414,434
gene_001179,163,164,194,243
gene_001180,471,767,781,788
gene_001181,145,186,199,232
gene_001182,369,519,248,324
gene_001183,366,422,312,262
gene_001184,113,124,152,175
gene_001185,114,165,169,133
gene_001186,2,0,0,4
gene_001187,21,19,18,23
gene_001188,78,45,26,43
gene_001189,8,10,10,10
gene_001190,0,0,1,2
gene_001191,36,25,28,35
gene_001192,200,182,112,138
gene_001193,122,95,79,74
gene_001194,1049,1241,746,1041
gene_001195,308,441,253,348
gene_001196,107,128,144,92
gene_001197,9,10,1,4
gene_001198,43,37,18,22
gene_001199,47,53,53,64
gene_001200,260,307,439,488
gene_001201,558,562,439,515
gene_001202,134,218,113,193
gene_001203,739,1206,1236,1481
gene_001204,308,455,377,417
gene_001205,125,165,135,146
gene_001206,53,57,37,50
gene_001207,132,134,146,165
gene_001208,77,71,42,97
gene_001209,97,65,61,79
gene_001210,17,19,22,27
gene_001211,4,2,4,3
gene_001212,18,16,19,11
gene_001213,132,145,62,111
gene_001214,406,590,858,888
gene_001215,67,76,83,117
gene_001216,147,175,280,274
gene_001217,23,50,1191,1169
gene_001218,11,13,105,108
gene_001219,10,14,90,111
gene_001220,8,6,7,6
gene_001221,116,109,58,63
gene_001222,407,475,423,487
gene_001223,1757,2104,1792,2213
gene_001224,329,354,377,386
gene_001225,386,435,481,516
gene_001226,128,174,160,158
gene_001227,32,19,39,46
gene_001228,87,78,77,88
gene_001229,4,22,26,34
gene_001230,43,29,28,29
gene_001231,31622,52836,43285,43455
gene_001232,7266,10267,8968,9537
gene_001233,4066,5826,5608,5377
gene_001234,29,17,9,11
gene_001235,681,937,866,901
gene_001236,122,101,154,145
gene_001237,151,232,178,200
gene_001238,98,107,36,42
gene_001239,16,16,5,12
gene_001240,142,180,113,119
gene_001241,1338,1672,799,1064
gene_001242,294,345,402,411
gene_001243,1072,1389,1493,1629
gene_001244,149,203,250,226
gene_001245,214,251,189,234
gene_001246,123,80,74,105
gene_001247,123,84,95,101
gene_001248,32,37,34,29
gene_001249,556,487,523,497
gene_001250,572,632,688,658
gene_001251,43,44,53,53
gene_001252,273,372,330,339
gene_001253,179,195,72,58
gene_001254,104,90,70,64
gene_001255,868,937,693,733
gene_001256,938,1466,1952,1944
gene_001257,322,311,232,220
gene_001258,146,154,91,99
gene_001259,50,56,62,82
gene_001260,272,245,240,259
gene_001261,196,288,257,281
gene_001262,687,712,621,604
gene_001263,108,108,96,104
gene_001264,134,234,220,214
gene_001265,1556,1815,1717,1825
gene_001266,22,24,10,24
gene_001267,165,166,138,139
gene_001268,183,163,90,144
gene_001269,121,149,177,222
gene_001270,37,77,43,57
gene_001271,219,320,295,330
gene_001272,144,154,226,197
gene_001273,55,54,1581,1786
gene_001274,203,243,249,186
gene_001275,149,151,150,199
gene_001276,61,96,86,85
gene_001277,149,175,139,135
gene_001278,48,62,42,50
gene_001279,64,86,48,31
gene_001280,4,11,18,4
gene_001281,148,127,166,155
gene_001282,325,327,1653,1622
gene_001283,145,141,192,229
gene_001284,189,181,139,226
gene_001285,103,96,106,112
gene_001286,517,570,783,664
gene_001287,2970,4587,5915,6491
gene_001288,260,499,647,667
gene_001289,923,1380,1845,1857
gene_001290,1054,1387,1588,1698
gene_001291,62,52,69,48
gene_001292,138,129,140,178
gene_001293,38,30,11,25
gene_001294,88,80,35,55
gene_001295,1114,1164,982,1085
gene_001296,368,391,347,343
gene_001297,307,327,273,298
gene_001298,219,248,207,265
gene_001299,88,124,127,139
gene_001300,4,4,2,0
gene_001301,69,92,105,130
gene_001302,44,60,52,64
gene_001303,235,280,425,423
gene_001304,11,4,10,19
gene_001305,124,138,156,186
gene_001306,267,241,295,301
gene_001307,309,362,323,384
gene_001308,30,32,36,26
gene_001309,87,71,32,44
gene_001310,84,113,117,111
gene_001311,42,35,53,37
gene_001312,1049,1307,1094,1208
gene_001313,85,69,50,49
gene_001314,198,224,147,173
gene_001315,212,216,156,202
gene_001316,15,19,19,32
gene_001317,124,136,98,146
gene_001318,68,137,99,105
gene_001319,67,55,28,32
gene_001320,84,129,109,109
gene_001321,141,157,137,95
gene_001322,11,6,0,7
gene_001323,10,12,16,8
gene_001324,14,6,8,4
gene_001325,24,37,24,25
gene_001326,40,46,41,46
gene_001327,139,139,82,119
gene_001328,276,366,310,408
gene_001329,651,971,733,767
gene_001330,43,50,52,57
gene_001331,222,222,210,229
gene_001332,172,139,113,188
gene_001333,36,27,124,128
gene_001334,579,652,322,370
gene_001335,162,237,209,215
gene_001336,76,76,881,1068
gene_001337,32,23,226,157
gene_001338,12,8,163,176
gene_001339,59,59,1234,1517
gene_001340,2,6,123,75
gene_001341,2,2,53,79
gene_001342,24,25,841,1001
gene_001343,88,96,443,431
gene_001344,12,11,55,83
gene_001345,13,22,148,186
gene_001346,88,128,112,114
gene_001347,175,182,185,189
gene_001348,16,36,38,29
gene_001349,234,271,317,317
gene_001350,12,14,8,0
gene_001351,128,149,162,147
gene_001352,202,231,197,224
gene_001353,1212,1392,984,1217
gene_001354,58,81,49,62
gene_001355,173,229,108,91
gene_001356,1082,1634,1707,1804
gene_001357,22,10,20,12
gene_001358,4,2,4,2
gene_001359,15,14,15,17
gene_001360,44,49,52,43
gene_001361,2,4,1,3
gene_001362,10,3,4,7
gene_001363,66,78,82,82
gene_001364,8,14,12,14
gene_001365,27,40,15,23
gene_001366,47,57,63,58
gene_001367,499,673,1000,1086
gene_001368,280,390,459,487
gene_001369,229,317,273,277
gene_001370,360,511,402,424
gene_001371,74,80,115,82
gene_001372,141,186,120,115
gene_001373,90,79,37,42
gene_001374,280,349,153,153
gene_001375,42,59,33,41
gene_001376,868,1305,729,800
gene_001377,159,254,130,166
gene_001378,232,278,268,270
gene_001379,129,220,181,131
gene_001380,55,46,28,42
gene_001381,100,109,86,83
gene_001382,22,35,4,7
gene_001383,20,4,12,3
gene_001384,100,161,87,95
gene_001385,47,52,15,43
gene_001386,22,19,16,24
gene_001387,0,8,6,8
gene_001388,19,30,10,16
gene_001389,30,28,4,4
gene_001390,6,2,0,4
gene_001391,0,4,2,2
gene_001392,2,4,1,0
gene_001393,100,160,179,192
gene_001394,30,22,36,28
gene_001395,824,809,911,972
gene_001396,77,102,38,55
gene_001397,294,299,272,271
gene_001398,50,54,48,44
gene_001399,6,5,10,13
gene_001400,157,174,129,126
gene_001401,10,10,10,0
gene_001402,15,18,4,4
gene_001403,61,75,32,52
gene_001404,39,54,34,60
gene_001405,330,308,308,302
gene_001406,61,92,85,102
gene_001407,114,168,144,151
gene_001408,12,10,6,12
gene_001409,54,114,65,85
gene_001410,22,39,6,13
gene_001411,45,37,21,37
gene_001412,172,201,130,124
gene_001413,427,521,362,408
gene_001414,102,119,104,114
gene_001415,88,116,120,98
gene_001416,453,618,561,507
gene_001417,459,652,460,590
gene_001418,39,67,42,68
gene_001419,247,298,349,307
gene_001420,268,332,295,340
gene_001421,174,208,150,160
gene_001422,832,1235,1133,951
gene_001423,145,230,117,103
gene_001424,81,100,81,117
gene_001425,29,45,39,19
gene_001426,343,503,418,452
gene_001427,91,122,75,121
gene_001428,54,74,50,22
gene_001429,24,31,28,24
gene_001430,0,0,4,0
gene_001431,633,803,339,308
gene_001432,947,1447,1205,1132
gene_001433,23,20,19,30
gene_001434,2,12,6,20
gene_001435,6,18,4,0
gene_001436,98,79,34,62
gene_001437,288,351,248,309
gene_001438,194,239,293,301
gene_001439,54,68,93,133
gene_001440,12,8,11,14
gene_001441,18,34,98,84
gene_001442,1005,1407,1718,1875
gene_001443,125,130,192,168
gene_001444,108,145,61,62
gene_001445,22,27,20,16
gene_001446,50,54,30,12
gene_001447,14,9,6,4
gene_001448,811,1267,1228,1292
gene_001449,341,411,392,381
gene_001450,175,195,144,162
gene_001451,58,42,30,30
gene_001452,22,26,17,14
gene_001453,124,151,123,105
gene_001454,193,290,392,385
gene_001455,209,279,256,284
gene_001456,136,146,78,110
gene_001457,2,8,4,4
gene_001458,1441,1894,1608,1681
gene_001459,562,795,514,529
gene_001460,64,61,48,46
gene_001461,2173,1958,1075,1375
gene_001462,213,237,131,143
gene_001463,193,199,158,165
gene_001464,8,11,8,7
gene_001465,90,125,145,136
gene_001466,138,213,140,186
gene_001467,320,477,189,256
gene_001468,105,132,43,53
gene_001469,74,84,29,43
gene_001470,292,456,172,232
gene_001471,177,168,100,132
gene_001472,50,19,22,20
gene_001473,16,5,2,0
gene_001474,1024,1254,837,909
gene_001475,688,714,447,546
gene_001476,181,193,165,189
gene_001477,169,190,158,161
gene_001478,154,211,189,156
gene_001479,126,145,96,108
gene_001480,138,161,120,167
gene_001481,98,122,95,88
gene_001482,2213,2717,2115,2276
gene_001483,3014,3385,2875,3295
gene_001484,4127,5025,5790,6307
gene_001485,732,854,1130,1215
gene_001486,709,874,679,792
gene_001487,645,769,449,514
gene_001488,161,193,122,176
gene_001489,137,185,64,91
gene_001490,54,36,66,60
gene_001491,128,219,369,424
gene_001492,76,98,280,297
gene_001493,61,68,261,266
gene_001494,37,63,131,116
gene_001495,55,52,72,98
gene_001496,19,6,10,5
gene_001497,23,25,17,45
gene_001498,149,154,100,92
gene_001499,1337,1712,1847,1840
gene_001500,180,168,61,89
gene_001501,84,114,62,49
gene_001502,35,36,27,14
gene_001503,127,86,59,66
gene_001504,44,43,16,47
gene_001505,566,795,676,664
gene_001506,4,4,0,0
gene_001507,2,2,2,0
gene_001508,31,27,15,17
gene_001509,501,766,540,532
gene_001510,20,18,11,10
gene_001511,663,779,567,598
gene_001512,74,74,49,62
gene_001513,119,130,181,133
gene_001514,1422,1529,1162,1237
gene_001515,430,626,727,761
gene_001516,2277,3448,4167,4522
gene_001517,140,140,82,97
gene_001518,535,535,435,553
gene_001519,58,55,68,95
gene_001520,85,112,483,430
gene_001521,0,0,2,1
gene_001522,43,50,25,33
gene_001523,24,8,10,9
gene_001524,10,8,38,30
gene_001525,96,73,500,625
gene_001526,220,251,202,220
gene_001527,38,50,11,19
gene_001528,225,225,135,122
gene_001529,13,18,2,8
gene_001530,6,9,12,6
gene_001531,12,8,10,8
gene_001532,12,22,14,0
gene_001533,113,96,54,52
gene_001534,251,304,288,323
gene_001535,175,172,159,206
gene_001536,348,453,910,812
gene_001537,22,11,14,19
gene_001538,616,683,548,669
gene_001539,256,349,139,132
gene_001540,151,128,88,122
gene_001541,138,132,91,118
gene_001542,88,90,60,66
gene_001543,421,553,468,500
gene_001544,346,346,523,627
gene_001545,164,180,131,162
gene_001546,44,61,92,66
gene_001547,67,78,47,59
gene_001548,124,194,162,166
gene_001549,85,113,82,94
gene_001550,4,2,1,0
gene_001551,3,0,2,2
gene_001552,70,104,103,95
gene_001553,128,144,63,70
gene_001554,147,107,92,160
gene_001555,1546,1780,2059,2105
gene_001556,1318,1708,1737,1733
gene_001557,127,151,111,119
gene_001558,129,130,126,136
gene_001559,8,18,6,13
gene_001560,303,300,163,232
gene_001561,80,117,107,122
gene_001562,143,212,93,122
gene_001563,6,22,6,10
gene_001564,0,0,2,0
gene_001565,0,0,0,0
gene_001566,38,35,16,33
gene_001567,18,14,8,20
gene_001568,42,28,27,25
gene_001569,16,10,20,6
gene_001570,0,0,0,0
gene_001571,88,71,51,74
gene_001572,4,2,4,4
gene_001573,3,7,3,2
gene_001574,67,108,42,47
gene_001575,203,210,107,117
gene_001576,111,163,77,68
gene_001577,502,518,307,363
gene_001578,299,291,185,233
gene_001579,40,45,8,17
gene_001580,1443,1885,1176,1287
gene_001581,201,204,100,147
gene_001582,196,185,134,169
gene_001583,78,90,36,51
gene_001584,114,118,62,59
gene_001585,158,175,70,107
gene_001586,24,31,34,30
gene_001587,181,176,97,108
gene_001588,327,335,198,246
gene_001589,388,435,452,500
gene_001590,2,9,8,2
gene_001591,11,4,2,7
gene_001592,12,17,12,11
gene_001595,202,229,298,286
gene_001596,127,166,132,136
gene_001597,81,106,104,59
gene_001598,55,49,42,26
gene_001599,55,77,55,49
gene_001600,10,9,8,7
gene_001601,73,102,32,79
gene_001602,14,17,12,1
gene_001603,90,64,42,51
gene_001604,3,2,0,4
gene_001605,2,3,8,6
gene_001606,16,24,40,36
gene_001607,394,341,90,120
gene_001608,175,220,71,83
gene_001609,241,228,97,99
gene_001610,35,37,32,17
gene_001611,191,188,86,117
gene_001612,442,352,231,287
gene_001613,52,73,49,49
gene_001614,383,477,374,323
gene_001615,195,248,126,149
gene_001616,111,166,178,149
gene_001617,44,45,72,48
gene_001618,34,40,31,31
gene_001619,71,71,72,38
gene_001620,1,0,0,0
gene_001621,17,26,18,19
gene_001622,88,87,53,103
gene_001623,379,342,323,397
gene_001624,171,149,168,124
gene_001625,258,329,280,295
gene_001626,2061,3005,3056,3221
gene_001627,77,74,88,110
gene_001628,232,269,232,264
gene_001629,7,16,16,30
gene_001630,1553,2008,1946,2248
gene_001631,734,914,763,767
gene_001632,602,806,578,543
gene_001633,116,164,114,169
gene_001634,27,17,21,23
gene_001635,586,685,335,444
gene_001636,73,99,58,60
gene_001637,55,50,26,25
gene_001638,230,217,143,194
gene_001639,32,34,26,24
gene_001640,17,26,9,28
gene_001641,1993,2090,2129,2146
gene_001642,172,209,192,207
gene_001643,29,26,55,72
gene_001644,183,218,457,521
gene_001645,680,1141,1677,1681
gene_001646,464,646,1021,962
gene_001647,68,60,68,73
gene_001648,33,35,12,42
gene_001649,132,143,103,171
gene_001650,46,64,72,50
gene_001651,212,179,98,106
gene_001652,1433,1992,1625,1837
gene_001653,151,170,229,191
gene_001654,387,498,340,480
gene_001655,339,421,230,284
gene_001656,73,111,95,99
gene_001657,143,174,175,113
gene_001659,32,27,29,32
gene_001660,37,36,26,32
gene_001661,32,26,35,32
gene_001662,10,9,35,18
gene_001663,58,89,76,64
gene_001664,60,53,253,231
gene_001665,45,23,56,67
gene_001666,910,875,926,1193
gene_001667,362,327,367,479
gene_001668,148,128,139,248
gene_001669,101,115,105,139
gene_001670,9,13,14,13
gene_001671,12,11,8,16
gene_001672,77,85,47,36
gene_001673,162,175,156,251
gene_001674,137,141,148,160
gene_001675,10,17,32,34
gene_001676,163,196,584,626
gene_001677,79,95,84,96
gene_001678,267,385,119,161
gene_001679,139,157,123,137
gene_001680,251,267,258,253
gene_001681,256,230,305,283
gene_001682,66,68,58,86
gene_001683,56,111,57,57
gene_001684,258,309,297,254
gene_001685,38,45,43,63
gene_001686,5855,8691,13475,12752
gene_001687,769,1077,1191,1017
gene_001688,295,393,303,397
gene_001689,20,24,18,32
gene_001690,130,143,129,154
gene_001691,154,148,120,131
gene_001692,8,3,0,0
gene_001693,178,222,200,166
gene_001694,107,142,112,147
gene_001695,212,217,274,248
gene_001696,29,22,24,8
gene_001697,32,42,28,19
gene_001698,940,968,666,710
gene_001699,127,156,132,172
gene_001700,6,11,7,5
gene_001701,20,16,8,10
gene_001702,14,8,2,0
gene_001703,28,31,24,22
gene_001704,30,33,30,48
gene_001705,336,443,577,733
gene_001706,141,175,211,251
gene_001707,232,239,233,300
gene_001708,156,182,194,232
gene_001709,133,123,152,125
gene_001710,145,201,132,140
gene_001711,86,112,71,80
gene_001712,159,198,181,201
gene_001713,171,217,212,176
gene_001714,4359,4168,5070,5482
gene_001715,64,79,109,116
gene_001716,288,320,479,497
gene_001717,1307,1639,1841,2034
gene_001718,215,307,333,336
gene_001719,335,383,330,380
gene_001720,167,234,196,230
gene_001721,748,758,667,682
gene_001722,101,106,98,81
gene_001723,71,74,96,129
gene_001724,92,128,83,103
gene_001725,147,164,113,109
gene_001726,273,208,152,163
gene_001727,26,16,22,26
gene_001728,161,225,219,232
gene_001729,388,462,329,333
gene_001730,63,51,42,81
gene_001731,1033,1180,814,952
gene_001732,479,599,487,546
gene_001733,843,1188,956,1113
gene_001734,560,630,569,643
gene_001735,239,291,358,336
gene_001736,80,108,138,163
gene_001737,116,134,166,172
gene_001738,663,759,639,789
gene_001739,700,743,891,1040
gene_001740,423,568,417,510
gene_001741,2003,2322,1991,2165
gene_001742,1635,1725,1639,1676
gene_001743,1543,1645,1202,1418
gene_001744,444,572,527,555
gene_001745,460,660,636,662
gene_001747,893,1227,1291,1386
gene_001748,165,182,123,143
gene_001749,173,130,121,120
gene_001750,155,262,172,204
gene_001751,67,54,36,40
gene_001752,1337,1980,1790,1812
gene_001753,176,251,208,242
gene_001754,125,225,205,258
gene_001755,686,634,339,454
gene_001756,231,195,141,185
gene_001757,435,544,465,574
gene_001758,364,320,318,426
gene_001759,908,1072,1533,1609
gene_001760,1731,2337,1933,2149
gene_001761,138,134,123,106
gene_001762,65,82,122,154
gene_001763,21,13,16,14
gene_001764,91,102,84,113
gene_001765,158,256,326,351
gene_001766,72,108,90,117
gene_001767,75,148,90,122
gene_001768,1095,1733,2201,2240
gene_001769,52,85,52,69
gene_001770,2,5,0,2
gene_001771,16,34,27,27
gene_001772,20,10,15,17
gene_001773,765,1018,1002,1053
gene_001774,1493,1812,2836,2927
gene_001775,125,121,126,121
gene_001776,32,46,15,33
gene_001777,29,32,35,30
gene_001778,7,17,20,22
gene_001779,38,40,27,33
gene_001780,72,79,69,81
gene_001781,1014,1184,944,979
gene_001782,36,47,56,45
gene_001783,68,58,36,38
gene_001784,71,95,85,92
gene_001785,293,337,374,342
gene_001786,1971,3104,3691,4097
gene_001787,2499,3501,3976,4774
gene_001788,4971,5835,6693,7502
gene_001789,58,60,47,61
gene_001790,529,668,681,758
gene_001791,234,312,307,372
gene_001792,44,32,28,18
gene_001793,58,66,70,68
gene_001794,853,997,813,1081
gene_001795,39,29,30,27
gene_001796,69,114,94,46
gene_001797,52,46,45,26
gene_001798,47,41,47,46
gene_001799,51,93,78,73
gene_001800,56,47,58,34
gene_001801,87,58,63,70
gene_001802,17,46,46,25
gene_001803,129,122,99,94
gene_001804,101,89,93,86
gene_001805,302,278,278,266
gene_001806,656,742,631,670
gene_001807,248,350,268,291
gene_001808,81,110,103,123
gene_001809,93,83,112,91
gene_001810,170,206,139,167
gene_001811,359,506,556,485
gene_001812,15,28,16,48
gene_001813,196,291,208,201
gene_001814,916,1117,1361,1206
gene_001815,182,188,168,213
gene_001816,228,325,275,315
gene_001817,26,20,20,24
gene_001818,168,138,176,195
gene_001819,10,11,13,18
gene_001820,56,88,64,52
gene_001821,3,3,4,5
gene_001822,11,6,4,8
gene_001823,58,45,23,36
gene_001824,454,548,99,107
gene_001825,203,227,50,52
gene_001826,329,350,69,95
gene_001827,46,100,22,44
gene_001828,933,1372,324,416
gene_001829,216,274,64,109
gene_001830,1586,1847,307,372
gene_001831,32,48,36,44
gene_001832,16,25,26,22
gene_001833,100,152,52,86
gene_001834,50,64,59,56
gene_001835,87,73,78,71
gene_001836,81,57,53,53
gene_001837,9,2,6,22
gene_001838,22,30,12,35
gene_001839,16,14,22,14
gene_001840,155,151,213,269
gene_001841,175,197,172,211
gene_001842,317,304,231,252
gene_001843,66,91,70,74
gene_001844,382,524,325,338
gene_001845,220,248,256,254
gene_001846,461,715,645,737
gene_001847,67,73,64,65
gene_001848,12,14,14,5
gene_001849,11,16,8,22
gene_001850,120,120,104,94
gene_001851,94,100,72,63
gene_001852,19,9,8,12
gene_001853,57,74,49,74
gene_001854,48,44,54,46
gene_001855,36,43,162,180
gene_001856,9,14,38,37
gene_001857,10,22,14,14
gene_001858,57,61,75,76
gene_001859,33,25,21,18
gene_001860,55,46,29,19
gene_001861,82,73,67,62
gene_001862,19,24,18,12
gene_001863,187,255,209,213
gene_001864,198,254,226,190
gene_001865,143,188,198,120
gene_001866,31,38,37,45
gene_001867,4535,6057,4795,5365
gene_001868,570,804,844,1002
gene_001869,89,83,47,48
gene_001870,208,239,223,196
gene_001871,146,113,72,77
gene_001872,112,154,127,126
gene_001873,120,108,82,114
gene_001874,64,109,62,72
gene_001875,74,66,62,32
gene_001876,21,17,16,10
gene_001877,37,42,10,24
gene_001878,21,14,24,7
gene_001879,23,15,16,15
gene_001881,469,543,332,359
gene_001882,773,806,830,870
gene_001883,30,28,28,31
gene_001884,55,51,37,35
gene_001885,14,16,14,17
gene_001886,25,30,50,42
gene_001887,60,65,64,66
gene_001888,12,10,7,13
gene_001889,22,19,32,29
gene_001890,176,242,393,428
gene_001891,261,417,343,360
gene_001892,1927,2577,2866,3233
gene_001893,84,99,37,46
gene_001894,364,338,259,293
gene_001895,292,290,309,360
gene_001896,399,512,1004,909
gene_001897,150,178,113,163
gene_001898,1134,1191,1299,1345
gene_001899,22,12,28,25
gene_001900,451,428,262,328
gene_001901,28,44,20,28
gene_001902,13,10,8,4
gene_001903,3,12,10,11
gene_001904,8,16,13,4
gene_001905,330,435,493,457
gene_001906,16,19,4,4
gene_001907,6,0,0,0
gene_001908,16,24,9,13
gene_001909,30,12,8,12
gene_001910,37,49,42,40
gene_001911,76,86,68,69
gene_001912,13,6,6,2
gene_001913,121,105,53,56
gene_001914,72,117,104,104
gene_001915,1094,1567,2150,2220
gene_001916,201,245,586,647
gene_001917,109,124,146,122
gene_001918,110,92,58,66
gene_001919,130,93,89,99
gene_001920,4,8,1,1
gene_001921,6468,7616,4562,4869
gene_001922,114,135,83,90
gene_001923,98,140,137,163
gene_001924,377,453,552,612
gene_001925,111,115,134,130
gene_001926,76,65,54,58
gene_001927,283,302,160,167
gene_001928,114,141,95,68
gene_001929,42,31,10,22
gene_001930,14,11,6,6
gene_001931,3,1,0,4
gene_001932,22,25,8,4
gene_001933,385,370,170,158
gene_001934,215,241,139,116
gene_001935,666,645,486,483
gene_001936,14,12,5,2
gene_001937,117,150,30,49
gene_001938,78,82,33,58
gene_001939,4,6,2,2
gene_001940,46,52,20,20
gene_001941,83,92,32,35
gene_001942,142,173,36,59
gene_001943,28,23,4,14
gene_001944,8,5,4,10
gene_001945,15,6,11,14
gene_001946,26,38,36,26
gene_001947,80,123,60,74
gene_001948,1016,1412,2185,2571
gene_001949,1221,1787,2804,3195
gene_001950,497,719,947,1103
gene_001951,172,220,138,174
gene_001952,105,177,137,158
gene_001953,50,46,64,77
gene_001954,97,82,72,96
gene_001955,194,281,401,318
gene_001956,246,412,339,429
gene_001957,152,162,221,250
gene_001958,106,84,44,44
gene_001959,131,120,58,70
gene_001960,409,282,209,209
gene_001961,106,119,106,96
gene_001962,96,114,80,81
gene_001963,66,74,44,83
gene_001964,61,94,53,73
gene_001965,57,57,82,56
gene_001966,2865,3676,2965,2941
gene_001967,78,59,65,37
gene_001968,177,273,181,205
gene_001969,1681,1822,1414,1700
gene_001970,428,513,403,396
gene_001971,115,116,132,127
gene_001972,311,389,410,369
gene_001973,694,855,806,852
gene_001974,8,4,4,8
gene_001975,158,222,151,135
gene_001976,556,665,693,926
gene_001977,40,80,80,78
gene_001978,103,134,110,144
gene_001979,295,315,168,221
gene_001980,335,378,184,180
gene_001981,146,113,104,150
gene_001982,24,13,10,16
gene_001983,77,104,54,63
gene_001984,667,726,599,586
gene_001985,35,24,4,12
gene_001986,3920,4321,2301,2556
gene_001987,3823,4882,2841,3055
gene_001988,672,760,321,386
gene_001989,186,175,114,159
gene_001990,105,98,90,115
gene_001991,1377,1187,1226,1114
gene_001992,115,214,146,188
gene_001993,370,417,309,347
gene_001994,91,136,129,90
gene_001995,132,131,137,144
gene_001996,78,112,109,120
gene_001997,454,506,421,445
gene_001998,420,568,407,434
gene_001999,301,445,340,416
gene_002000,1199,1686,1067,1222
gene_002001,188,190,114,84
gene_002002,407,408,313,333
gene_002003,2544,4131,2591,2722
gene_002004,633,881,918,918
gene_002005,1769,2088,1817,2221
gene_002006,282,354,306,255
gene_002007,186,217,155,138
gene_002008,656,727,517,557
gene_002009,13,36,27,22
gene_002010,322,359,271,302
gene_002011,273,295,234,302
gene_002012,82,106,76,86
gene_002013,41,37,105,92
gene_002014,39,34,73,83
gene_002015,29,39,38,61
gene_002016,47,68,44,78
gene_002017,328,311,236,286
gene_002018,523,804,960,1024
gene_002019,105,118,895,783
gene_002020,24,13,18,14
gene_002021,336,358,598,684
gene_002022,1386,1981,2027,2153
gene_002023,155,155,132,149
gene_002024,252,239,202,268
gene_002025,1051,1381,1069,1108
gene_002026,134,103,73,86
gene_002027,17,48,26,34
gene_002028,30,25,25,36
gene_002029,157,154,137,144
gene_002030,359,433,273,312
gene_002031,15,23,7,8
gene_002032,146,121,96,80
gene_002033,91,141,86,90
gene_002034,115,201,150,207
gene_002035,171,216,260,302
gene_002036,0,10,16,6
gene_002037,23,18,10,16
gene_002038,46,32,13,12
gene_002039,5,7,0,0
gene_002040,11,27,10,14
gene_002041,84,90,34,45
gene_002042,14,16,12,8
gene_002043,181,292,235,242
gene_002044,703,909,845,808
gene_002045,55,127,90,88
gene_002046,4,6,2,0
gene_002047,164,220,213,209
gene_002049,239,442,537,510
gene_002050,330,350,391,483
gene_002051,130,181,175,163
gene_002052,139,93,82,97
gene_002053,281,250,194,215
gene_002054,328,389,303,311
gene_002055,267,228,180,250
gene_002056,352,388,318,390
gene_002057,150,166,123,149
gene_002058,204,307,177,209
gene_002059,201,226,151,204
gene_002060,247,262,200,190
gene_002061,169,282,258,256
gene_002062,429,626,420,492
gene_002063,783,790,581,683
gene_002064,463,438,488,598
gene_002065,192,199,152,223
gene_002066,490,508,510,527
gene_002067,154,183,217,186
gene_002068,341,511,555,582
gene_002069,437,652,615,664
gene_002070,66,75,79,64
gene_002071,77,70,128,106
gene_002072,173,197,186,217
gene_002073,279,341,244,332
gene_002074,163,174,131,177
gene_002075,488,571,473,540
gene_002076,2,11,4,7
gene_002077,158,282,219,249
gene_002078,22,24,27,18
gene_002079,290,323,883,680
gene_002080,392,409,480,498
gene_002081,346,275,208,246
gene_002082,521,622,325,439
gene_002083,212,289,263,270
gene_002084,130,198,124,115
gene_002085,28,24,36,22
gene_002086,382,482,362,403
gene_002087,142,234,228,275
gene_002088,656,900,1214,1335
gene_002089,319,370,424,516
gene_002090,51,73,59,64
gene_002091,389,410,485,488
gene_002092,1198,1488,1532,1663
gene_002093,114,162,139,132
gene_002094,123,191,241,211
gene_002095,139,144,267,264
gene_002096,168,208,250,306
gene_002097,161,171,184,220
gene_002098,115,109,120,97
gene_002099,140,99,117,108
gene_002100,228,199,329,276
gene_002101,96,107,72,61
gene_002102,3767,4639,4118,4311
gene_002103,39,71,26,31
gene_002104,184,219,154,164
gene_002105,24,35,32,22
gene_002106,63,96,75,51
gene_002107,58,62,50,47
gene_002108,229,332,227,244
gene_002109,30,58,47,37
gene_002110,561,694,344,446
gene_002111,397,505,339,372
gene_002112,76,114,104,94
gene_002113,78,112,72,52
gene_002114,347,409,330,347
gene_002115,12,11,12,10
gene_002116,337,373,291,352
gene_002117,79,113,117,126
gene_002118,22,51,25,29
gene_002119,216,179,117,126
gene_002120,18,38,15,20
gene_002121,36,71,24,44
gene_002122,75,60,73,64
gene_002123,37,18,27,20
gene_002124,51,48,35,46
gene_002125,99,95,62,68
gene_002126,1000,1250,635,711
gene_002127,8,6,0,2
gene_002128,10,3,0,0
gene_002129,101,96,77,102
gene_002130,197,234,143,170
gene_002131,27,43,35,48
gene_002132,33,51,24,46
gene_002133,256,283,324,339
gene_002134,288,386,341,422
gene_002135,208,181,172,150
gene_002136,30,28,13,19
gene_002137,26,36,12,16
gene_002138,100,69,44,51
gene_002139,50,58,18,48
gene_002140,79,85,49,59
gene_002141,574,596,555,514
gene_002142,23,19,49,14
gene_002143,12,12,34,20
gene_002144,99,191,186,206
gene_002145,203,171,187,208
gene_002146,438,540,693,739
gene_002147,32,63,56,38
gene_002148,100,119,86,75
gene_002149,77,124,45,94
gene_002150,76,98,50,63
gene_002151,56,61,36,35
gene_002152,0,0,0,0
gene_002153,37,48,41,48
gene_002154,946,1043,1082,1189
gene_002155,1527,2349,2666,2722
gene_002156,425,529,267,267
gene_002157,17,6,4,6
gene_002158,94,78,49,54
gene_002159,30,33,26,11
gene_002160,274,296,261,262
gene_002161,26,44,10,32
gene_002162,12,27,22,6
gene_002163,294,383,208,245
gene_002164,241,199,148,160
gene_002165,208,221,180,252
gene_002166,196,161,131,143
gene_002167,149,198,176,190
gene_002168,25,29,39,51
gene_002169,75,108,72,83
gene_002170,68,105,118,132
gene_002171,34,26,20,33
gene_002172,80,54,115,87
gene_002173,182,186,119,192
gene_002175,139,141,147,156
gene_002176,414,542,296,362
gene_002177,772,926,706,731
gene_002178,85,114,76,101
gene_002179,40,69,58,43
gene_002180,106,131,92,106
gene_002181,1920,1740,1758,2006
gene_002182,68,96,126,104
gene_002183,1724,1881,2217,2585
gene_002184,165,229,207,241
gene_002185,63,34,34,38
gene_002186,6,0,0,4
gene_002187,0,1,2,0
gene_002188,8188,12486,10503,10804
gene_002189,87,58,76,93
gene_002190,99,113,67,87
gene_002191,80,57,50,38
gene_002192,6,9,4,2
gene_002193,11936,10704,11444,11544
gene_002194,2995,3675,2913,3239
gene_002195,2204,2750,2618,2890
gene_002196,526,600,762,775
gene_002197,1315,1504,1430,1559
gene_002198,1153,1324,563,690
gene_002199,300,228,229,273
gene_002200,33,33,25,21
gene_002201,294,306,264,285
gene_002202,34,61,34,27
gene_002203,105,84,103,117
gene_002204,42,51,19,36
gene_002206,36,39,30,42
gene_002207,22,18,14,20
gene_002208,24,28,24,33
gene_002209,508,592,442,587
gene_002210,4,4,4,6
gene_002211,31,44,18,39
gene_002212,85,69,68,59
gene_002213,11,6,2,2
gene_002214,12,16,10,8
gene_002215,447,521,317,353
gene_002216,489,607,476,502
gene_002217,362,516,408,451
gene_002218,86,86,76,78
gene_002219,84,108,63,89
gene_002220,2,6,5,6
gene_002221,1210,1394,1467,1472
gene_002222,2329,3009,2239,2270
gene_002223,754,992,598,669
gene_002224,112,120,52,86
gene_002225,524,690,507,566
gene_002226,198,249,135,220
gene_002227,184,179,177,199
gene_002229,196,216,173,206
gene_002230,25,41,28,21
gene_002231,38,60,45,31
gene_002232,329,403,222,179
gene_002233,44,44,30,35
gene_002234,33,33,39,46
gene_002235,72,61,76,103
gene_002236,2056,2691,3111,3132
gene_002237,262,313,226,327
gene_002238,460,694,492,478
gene_002239,122,164,136,148
gene_002240,32,50,37,42
gene_002241,91,128,94,115
gene_002242,74,56,184,237
gene_002243,167,171,152,175
gene_002244,52,53,55,66
gene_002245,101,122,105,100
gene_002246,1020,1309,1426,1404
gene_002247,45,84,60,58
gene_002248,209,188,143,151
gene_002249,120,124,103,140
gene_002250,80,81,89,109
gene_002251,98,139,105,108
gene_002252,590,620,799,773
gene_002253,610,718,622,837
gene_002254,82,97,40,58
gene_002255,33,17,17,10
gene_002256,32,20,11,7
gene_002257,34,22,32,26
gene_002258,150,132,89,113
gene_002259,116,142,74,70
gene_002260,77,83,26,49
gene_002261,784,828,408,430
gene_002262,2604,2871,1656,1927
gene_002263,861,1168,702,696
gene_002264,1084,1658,1092,1172
gene_002265,7316,8270,5077,5904
gene_002266,5949,6595,4381,5055
gene_002267,4879,5627,3888,4289
gene_002268,88,125,102,116
gene_002269,530,591,415,581
gene_002270,188,244,161,166
gene_002271,32,24,24,17
gene_002272,168,235,215,164
gene_002273,200,132,74,64
gene_002274,542,691,460,485
gene_002275,936,1242,921,958
gene_002276,145,317,176,163
gene_002277,10,28,10,13
gene_002278,111,117,68,72
gene_002279,362,506,410,442
gene_002280,677,635,668,755
gene_002281,28,41,39,9
gene_002282,17,19,16,15
gene_002283,0,0,0,0
gene_002284,54,51,79,61
gene_002285,9,12,15,12
gene_002286,24,44,39,28
gene_002287,199,286,170,173
gene_002288,23,8,8,2
gene_002289,771,1088,622,746
gene_002290,633,655,541,588
gene_002291,95,121,112,114
gene_002292,30,32,6,14
gene_002293,369,364,408,434
gene_002294,102,140,48,63
gene_002295,62,99,80,50
gene_002296,32,18,30,18
gene_002297,25,24,22,25
gene_002298,37,27,57,47
gene_002299,74,76,101,113
gene_002300,1,2,4,1
gene_002301,101,122,86,112
gene_002302,126,171,137,146
gene_002303,63,86,50,36
gene_002304,62,89,71,71
gene_002305,14,15,13,30
gene_002306,184,191,189,213
gene_002307,215,217,137,197
gene_002308,306,355,249,322
gene_002309,681,798,523,659
gene_002310,1189,1435,1744,1660
gene_002311,171,156,148,131
gene_002312,116,138,88,149
gene_002313,392,563,264,263
gene_002314,199,192,172,166
gene_002315,435,531,305,269
gene_002316,567,684,543,693
gene_002317,762,985,964,1006
gene_002318,157,207,61,84
gene_002319,1318,1918,1109,1353
gene_002320,33,56,58,56
gene_002321,1184,1643,1935,2211
gene_002322,62,53,30,42
gene_002323,418,415,324,304
gene_002324,62,79,115,106
gene_002325,86,104,113,126
gene_002326,146,192,196,205
gene_002327,32,32,46,31
gene_002328,38,24,34,23
gene_002329,154,126,85,79
gene_002330,49,36,34,43
gene_002331,35,44,28,28
gene_002332,86,73,66,75
gene_002333,8,12,16,4
gene_002334,8,2,6,4
gene_002335,23,20,24,16
gene_002336,284,314,213,264
gene_002337,951,1019,1171,1327
gene_002338,63,75,60,27
gene_002339,149,145,60,80
gene_002340,33,36,13,16
gene_002341,213,274,226,226
gene_002342,610,891,678,712
gene_002343,259,328,563,674
gene_002344,639,796,669,724
gene_002345,352,461,345,346
gene_002346,259,240,205,226
gene_002347,188,261,143,143
gene_002348,307,330,310,257
gene_002349,176,182,137,183
gene_002350,31,53,68,50
gene_002351,724,918,648,675
gene_002352,88,75,53,50
gene_002353,67,93,97,108
gene_002354,282,298,411,413
gene_002355,85,140,123,114
gene_002356,227,242,218,184
gene_002357,1001,938,687,791
gene_002358,82,122,93,96
gene_002359,76,122,110,101
gene_002360,107,140,116,175
gene_002361,530,795,758,788
gene_002362,1612,1699,2026,1829
gene_002363,120,158,98,166
gene_002364,89,124,127,85
gene_002365,335,541,419,495
gene_002367,22,18,254,331
gene_002368,168,156,130,152
gene_002369,1360,1397,1850,1804
gene_002370,752,999,961,1024
gene_002371,2842,3305,2970,3281
gene_002372,227,253,201,277
gene_002373,1003,1589,1389,1569
gene_002374,2477,3074,2902,3153
gene_002375,231,299,263,291
gene_002376,277,329,328,397
gene_002377,200,213,93,150
gene_002378,198,217,303,299
gene_002379,1314,1476,1984,1835
gene_002380,70,71,80,63
gene_002381,93,108,34,81
gene_002382,320,385,332,333
gene_002383,120,98,97,140
gene_002384,151,194,137,135
gene_002385,161,237,147,225
gene_002386,100,166,91,105
gene_002387,70,49,71,57
gene_002388,293,364,243,256
gene_002389,163,187,126,119
gene_002390,432,543,252,311
gene_002391,269,314,275,348
gene_002392,76,61,42,50
gene_002393,191,197,174,229
gene_002394,127,109,125,85
gene_002395,168,207,248,239
gene_002396,6,5,9,6
gene_002397,4,4,6,6
gene_002398,20,36,24,37
gene_002399,151,166,161,170
gene_002400,90,78,51,56
gene_002401,145,175,102,146
gene_002402,115,96,72,92
gene_002403,16,19,32,42
gene_002404,633,748,682,670
gene_002405,6294,8158,5446,6001
gene_002406,366,488,1680,1511
gene_002407,177,191,104,103
gene_002408,360,400,139,138
gene_002409,84,95,60,98
gene_002410,33,45,36,55
gene_002411,372,513,421,439
gene_002412,744,723,716,852
gene_002413,9,17,12,18
gene_002414,251,272,210,284
gene_002415,221,270,127,128
gene_002416,54,70,41,38
gene_002417,8867,8113,8270,6956
gene_002418,4408,4335,4540,5517
gene_002419,69,120,91,102
gene_002420,74,102,89,103
gene_002421,377,570,484,570
gene_002422,252,298,268,227
gene_002423,342,522,660,770
gene_002424,1165,1100,1031,1170
gene_002425,254,321,247,342
gene_002426,47,38,24,22
gene_002427,35,28,11,13
gene_002428,1065,1391,1083,1244
gene_002429,84,126,109,116
gene_002430,186,182,152,207
gene_002431,38,64,37,44
gene_002432,465,443,452,493
gene_002433,178,180,122,178
gene_002434,124,149,109,118
gene_002435,4747,6386,6208,7386
gene_002436,495,626,513,521
gene_002437,934,1350,998,1069
gene_002438,100,92,110,124
gene_002439,1145,1291,1565,1849
gene_002440,44,73,74,74
gene_002441,241,318,269,302
gene_002442,158,162,128,137
gene_002443,801,1030,936,1160
gene_002444,1488,2278,2234,2264
gene_002445,1251,1815,1890,1977
gene_002446,3813,5041,5489,5558
gene_002447,127,123,150,163
gene_002448,1017,1240,681,742
gene_002449,3312,3865,2072,2607
gene_002450,60,93,42,56
gene_002451,40,50,32,36
gene_002452,8,10,14,11
gene_002453,48,47,32,64
gene_002454,84,87,39,79
gene_002455,599,681,163,185
gene_002456,277,412,137,127
gene_002457,309,395,143,149
gene_002458,147,159,86,90
gene_002459,3713,5135,4972,5878
gene_002460,78,123,116,110
gene_002462,149,186,126,136
gene_002463,76,98,59,52
gene_002464,100,112,18,18
gene_002465,1090,979,668,795
gene_002466,24,15,34,15
gene_002467,17,15,36,34
gene_002468,387,478,523,488
gene_002469,1,0,2,0
gene_002470,44,49,24,22
gene_002471,60,55,26,34
gene_002472,117,218,180,208
gene_002473,70,69,81,71
gene_002474,17,40,32,44
gene_002475,235,247,166,203
gene_002476,86,82,72,58
gene_002477,154,287,194,151
gene_002478,57,46,24,44
gene_002479,21,44,26,16
gene_002480,104,155,112,103
gene_002481,136,132,389,396
gene_002482,183,192,3501,3496
gene_002483,31,51,30,28
gene_002484,100,84,80,64
gene_002485,94,76,61,76
gene_002486,54,78,60,57
gene_002487,505,692,603,592
gene_002488,705,1109,1034,1103
gene_002489,95,89,39,43
gene_002490,125,217,78,74
gene_002491,245,261,331,390
gene_002492,252,236,169,158
gene_002493,77,76,192,269
gene_002494,186,210,223,232
gene_002495,284,301,314,392
gene_002496,113,157,93,117
gene_002497,16,27,6,14
gene_002498,245,356,238,364
gene_002499,129,162,140,144
gene_002500,136,189,108,120
gene_002501,1055,1315,1247,1288
gene_002502,677,915,763,760
gene_002503,509,630,526,654
gene_002504,1225,1689,2011,2485
gene_002505,3622,4335,5817,6665
gene_002506,51,38,31,49
gene_002507,237,241,137,180
gene_002508,139,106,84,71
gene_002509,1281,1594,1750,1722
gene_002510,862,853,1071,1090
gene_002511,1341,1629,1425,1610
gene_002512,8,1,13,2
gene_002513,562,678,537,557
gene_002514,176,173,147,159
gene_002515,17,8,4,6
gene_002516,117,101,75,58
gene_002517,9,11,12,2
gene_002518,28,48,34,27
gene_002519,60,85,28,26
gene_002520,54,89,24,50
gene_002521,326,472,257,344
gene_002522,465,719,769,884
gene_002523,280,384,365,363
gene_002524,812,1111,882,1026
gene_002525,87,121,128,134
gene_002526,247,327,234,305
gene_002527,59,44,53,64
gene_002528,22,28,38,70
gene_002529,239,284,360,372
gene_002530,1100,1268,1276,1560
gene_002531,497,610,1583,1731
gene_002532,864,973,767,986
gene_002533,110,126,73,85
gene_002534,205,203,192,127
gene_002535,0,2,0,0
gene_002536,163,239,196,236
gene_002537,329,330,387,448
gene_002538,208,304,358,328
gene_002539,100,139,171,126
gene_002540,539,620,624,709
gene_002541,727,868,820,795
gene_002542,550,731,473,523
gene_002543,133,151,198,220
gene_002544,62,66,77,48
gene_002545,66,47,41,61
gene_002546,352,323,308,325
gene_002547,60,62,39,44
gene_002548,629,766,653,688
gene_002549,54,90,54,73
gene_002550,135,162,144,142
gene_002551,5102,6376,6096,7301
gene_002552,1652,2103,2472,2500
gene_002553,140,191,260,269
gene_002554,12,16,18,20
gene_002555,275,296,194,246
gene_002556,720,691,1003,900
gene_002557,314,394,327,385
gene_002558,149,173,135,110
gene_002559,761,1254,1203,1074
gene_002560,189,328,324,327
gene_002561,6960,11292,12791,13924
gene_002562,277,258,324,300
gene_002563,120,138,80,52
gene_002564,168,172,93,103
gene_002565,24,44,28,36
gene_002566,235,198,146,144
gene_002567,1073,1110,1058,1342
gene_002568,1122,1168,1245,1393
gene_002569,1785,1767,1832,1945
gene_002570,147,165,197,216
gene_002571,58,53,18,26
gene_002572,77,58,71,107
gene_002573,154,181,156,162
gene_002575,350,456,341,354
gene_002576,121,115,174,188
gene_002577,760,734,1254,1349
gene_002578,75,124,66,78
gene_002579,452,568,252,298
gene_002580,705,806,521,596
gene_002581,780,766,504,599
gene_002582,3030,4039,5315,5784
gene_002583,103,141,222,246
gene_002584,92,79,87,99
gene_002585,68,61,176,157
gene_002586,45,38,71,108
gene_002587,28,94,109,150
gene_002588,80,123,87,96
gene_002589,86,70,62,67
gene_002590,48,70,27,12
gene_002591,167,249,167,166
gene_002592,82,99,65,50
gene_002593,0,3,2,0
gene_002594,41,51,40,44
gene_002595,33,29,10,21
gene_002596,138,125,48,36
gene_002597,362,342,250,303
gene_002598,762,996,604,652
gene_002599,712,817,498,604
gene_002600,316,334,222,259
gene_002601,16,18,109,123
gene_002602,51,37,120,71
gene_002603,24,39,165,228
gene_002604,181,221,218,255
gene_002605,66,33,133,160
gene_002606,61,72,129,167
gene_002607,214,253,155,220
gene_002608,28,33,32,44
gene_002609,43,46,85,67
gene_002610,170,145,154,130
gene_002611,58,43,20,39
gene_002612,0,8,18,6
gene_002613,57,65,48,65
gene_002614,383,436,508,586
gene_002615,86,81,56,60
gene_002616,26,24,14,14
gene_002617,68,92,108,77
gene_002618,53,79,70,115
gene_002619,104,192,206,235
gene_002620,4,9,1,3
gene_002621,12,16,10,13
gene_002622,44,40,36,39
gene_002623,19,30,26,24
gene_002624,131,121,89,100
gene_002625,508,584,459,427
gene_002626,899,1101,730,856
gene_002627,963,1107,816,1031
gene_002628,664,798,626,621
gene_002629,360,523,293,286
gene_002630,0,7,0,4
gene_002631,146,173,214,274
gene_002632,144,192,227,224
gene_002633,42,72,44,42
gene_002634,492,651,547,501
gene_002635,684,864,783,772
gene_002636,1811,2972,3631,3933
gene_002637,1906,2800,3485,3748
gene_002638,844,927,1054,1241
gene_002639,51,58,35,38
gene_002640,67,35,43,50
gene_002641,82,115,68,57
gene_002642,117,146,134,133
gene_002643,868,970,788,910
gene_002644,1413,1713,1308,1508
gene_002645,1226,1414,1852,1599
gene_002646,512,627,351,399
gene_002647,1579,2353,1984,2164
gene_002648,1528,1523,1176,1331
gene_002649,1213,1452,1203,1320
gene_002650,91,92,132,94
gene_002651,26,51,28,34
gene_002652,411,360,261,290
gene_002653,1,0,1,0
gene_002654,163,268,153,173
gene_002655,195,269,114,148
gene_002656,2,0,4,0
gene_002657,10,12,4,6
gene_002658,29,81,63,46
gene_002659,1563,1621,1108,1296
gene_002660,1186,1439,1194,1417
gene_002661,143,248,161,159
gene_002662,288,265,232,241
gene_002663,53,41,35,38
gene_002664,23,14,7,21
gene_002665,53,46,34,12
gene_002666,1054,1474,666,792
gene_002667,60,59,50,46
gene_002668,242,262,186,211
gene_002669,407,512,324,393
gene_002670,85,106,134,150
gene_002671,120,136,116,128
gene_002672,20,19,18,6
gene_002673,118,95,97,166
gene_002674,239,313,590,593
gene_002675,172,188,102,130
gene_002676,523,544,345,424
gene_002677,61,45,34,40
gene_002678,26,15,8,17
gene_002679,39,47,39,40
gene_002680,111,185,139,141
gene_002681,954,1334,1428,1496
gene_002682,29,44,75,72
gene_002683,53,67,78,77
gene_002684,51,55,44,46
gene_002685,23,20,10,23
gene_002686,303,294,200,249
gene_002687,88,91,46,79
gene_002688,17,12,20,10
gene_002689,300,458,283,314
gene_002690,118,161,107,107
gene_002691,755,928,670,658
gene_002692,588,634,591,644
gene_002693,43,65,46,52
gene_002694,17,13,7,18
gene_002696,36,44,50,52
gene_002697,299,267,216,213
gene_002698,281,333,248,312
gene_002699,82,92,94,108
gene_002700,108,108,257,309
gene_002701,574,642,723,850
gene_002702,51,49,38,40
gene_002703,21,18,16,13
gene_002704,250,296,282,314
gene_002705,13,10,10,1
gene_002706,127,197,226,231
gene_002707,82,78,28,28
gene_002708,95,126,68,56
gene_002709,79,84,53,95
gene_002710,326,288,239,212
gene_002711,89,96,72,74
gene_002712,98,92,67,93
gene_002713,1237,1845,2502,2843
gene_002714,1712,2267,2524,2805
gene_002715,882,1145,1351,1350
gene_002716,662,996,998,1205
gene_002717,2511,2357,2431,2762
gene_002718,51,39,12,18
gene_002719,42,38,24,23
gene_002720,30,39,24,22
gene_002721,2222,2850,2287,2387
gene_002722,19,18,22,6
gene_002723,40,48,29,60
gene_002724,4,6,96,106
gene_002725,198,251,126,187
gene_002726,40,46,30,51
gene_002727,33,35,46,36
gene_002728,2,8,2,4
gene_002729,220,252,185,175
gene_002730,41,11,29,24
gene_002731,25,14,15,32
gene_002732,16,40,56,62
gene_002733,58,52,42,36
gene_002734,22,17,21,20
gene_002735,11,36,30,24
gene_002736,222,197,159,209
gene_002737,4,6,4,12
gene_002738,169,118,118,126
gene_002739,235,300,217,287
gene_002740,98,120,67,92
gene_002741,154,152,109,141
gene_002742,31,50,27,37
gene_002743,427,579,358,333
gene_002744,249,317,244,262
gene_002745,222,169,139,164
gene_002746,1192,1448,798,855
gene_002747,417,411,282,290
gene_002748,92,88,42,66
gene_002749,83,81,64,57
gene_002750,3417,4335,4194,4637
gene_002751,118,169,138,145
gene_002752,37,41,12,21
gene_002753,49,52,50,47
gene_002754,210,250,244,272
gene_002755,2,2,2,2
gene_002756,28,22,22,21
gene_002757,36,38,24,22
gene_002758,38,70,59,54
gene_002759,208,306,300,275
gene_002760,92,83,108,95
gene_002761,66,65,53,60
gene_002762,82,165,168,155
gene_002763,392,406,328,402
gene_002764,2,0,2,2
gene_002765,529,511,369,407
gene_002766,481,487,316,322
gene_002767,290,328,214,252
gene_002769,662,808,607,684
gene_002770,428,462,304,413
gene_002771,522,550,278,333
gene_002772,36,29,24,40
gene_002773,22,22,4,22
gene_002774,31,24,17,30
gene_002775,76,68,63,73
gene_002776,853,1212,1764,1884
gene_002777,78,105,173,202
gene_002778,27,42,69,66
gene_002779,247,311,324,289
gene_002780,71,77,66,53
gene_002781,16,20,18,17
gene_002782,270,335,286,274
gene_002783,307,289,160,185
gene_002784,219,200,249,264
gene_002785,213,207,136,179
gene_002786,350,425,356,351
gene_002787,1279,1484,1498,1767
gene_002788,3089,4118,4391,4952
gene_002789,7390,8650,8751,10461
gene_002790,2760,3761,4471,4941
gene_002791,2832,3920,5125,5472
gene_002792,20461,25807,37921,40582
gene_002793,19,18,26,30
gene_002794,131,164,110,133
gene_002795,74,81,71,124
gene_002796,60,78,64,87
gene_002797,101,173,109,86
gene_002798,304,259,255,250
gene_002799,19,27,38,33
gene_002800,214,303,189,187
gene_002801,38,63,35,33
gene_002802,81,35,40,20
gene_002803,55,88,79,66
gene_002804,110,148,152,183
gene_002805,60,97,72,81
gene_002806,12,10,124,72
gene_002807,123,130,142,125
gene_002808,54,70,63,70
gene_002809,60,50,42,33
gene_002810,158,204,223,233
gene_002811,19,15,15,10
gene_002812,8,13,12,17
gene_002813,13,7,0,11
gene_002814,13,27,30,22
gene_002815,214,193,121,144
gene_002816,304,313,225,225
gene_002817,337,333,204,205
gene_002818,0,3,1,0
gene_002819,99,97,69,101
gene_002820,12,21,20,7
gene_002821,815,1089,614,564
gene_002822,65,89,48,48
gene_002823,63,109,32,44
gene_002824,54,33,33,54
gene_002825,25,17,9,7
gene_002826,55,50,55,74
gene_002827,197,201,225,167
gene_002828,14,39,20,14
gene_002829,26,32,20,21
gene_002830,29,39,33,26
gene_002831,109,156,59,94
gene_002832,18,12,18,26
gene_002833,14,5,2,6
gene_002834,4360,4360,5596,5740
gene_002835,111,103,148,167
gene_002836,1377,1652,2222,2622
gene_002837,404,469,1057,1117
gene_002838,78,81,105,151
gene_002839,59,66,151,166
gene_002840,30,26,77,103
gene_002841,24,12,28,22
gene_002842,183,224,243,290
gene_002843,319,414,381,456
gene_002844,66,90,48,80
gene_002845,14,10,10,0
