gene,log2FoldChange,pvalue,padj
GENE98,0.13052763608994467,0.6461801760798603,0.9275313532246799
GENE66,0.6781200142854115,0.5804840372490148,0.9214032337285949
GENE300,3.314814420961806,5.5676333625103686e-05,0.001284838
GENE119,0.5714114072575103,0.7004946139261853,0.9466143431434936
GENE164,-0.410341159,0.7837024721488574,0.9796280901860717
GENE240,0.426216667,0.4004679575912838,0.8769371334115703
GENE268,-0.715070689,0.7581675004751135,0.9846331175001475
GENE174,0.17057598740832194,0.6392940737857914,0.9265131504141904
GENE101,-0.707685371,0.093174061,0.5274003471191603
GENE252,0.45893097352738804,0.28034697845299317,0.7715971884027334
GENE113,0.030115105,0.9756750672828581,1
GENE294,3.4248010485105125,8.655072603868545e-05,0.001622826
GENE40,0.098430618,0.5720524382075488,0.9276526024987278
GENE59,0.16563171570178198,0.8221595888946275,0.9905537215597922
TP53,-2.551642923,0.000282042,0.003678805
GENE161,-0.487340835,0.15787971258964756,0.6315188503585902
GENE183,-0.535446249,0.90895076,1
GENE204,0.5269010260174515,0.1943075588366796,0.6405743697912515
GENE124,-0.700925531,0.739433533,0.9644785212638374
GENE72,0.7690182832329846,0.49522760989441994,0.9004138361716726
GENE274,0.005116531,0.5922393894354663,0.9302189362860728
GENE176,0.4135916245180119,0.2523159534334652,0.7278344810580726
GENE258,-0.353834733,0.3611224845690189,0.8666939629656454
GENE179,-0.132328417,0.3830581808662671,0.8839804173836933
GENE224,-0.806357936,0.705875087,0.9496077406249737
GENE216,0.3794846102466337,0.31466082208036067,0.8068226207188735
GENE99,0.002556728,0.6050985963269453,0.9309209174260697
GENE84,-0.259135109,0.9650614124685808,1
GENE34,-0.528855464,0.764755803,0.9762840037861227
GENE56,0.4656400595580993,0.9873075995761167,1
GENE120,0.37596651634338707,0.20448609237764676,0.6596325560569251
GENE265,-0.126284076,0.13257427368305252,0.5936161508196383
GENE284,2.3810922505865753,2.8509588359867846e-05,0.00095032
GENE25,-0.272191362,0.3533479557108941,0.8618242822216929
GENE33,-0.006748612,0.6888925332731866,0.9393989090088907
GENE126,1.0952278129049893,0.4473308844760879,0.8887368565750089
GENE165,0.4816880646221609,0.5441553260563937,0.922297163
GENE116,0.15077367116680623,0.5592915480269144,0.9168713902080564
GENE146,0.3909114358886552,0.9997317896218241,0.9997317896218241
GENE283,3.793008408072676,1.8656783748428172e-05,0.000932839
GENE96,-0.731757474,0.7109612545353863,0.9521802516098923
GENE134,0.2367962153175908,0.1928960465483518,0.6429868218278394
GENE203,0.5415256215876385,0.17164354700988382,0.6279641963776238
GENE18,-2.642876334,0.000826459,0.007083936
GENE39,-0.664093024,0.10468082201581207,0.5607901179418503
GENE57,-0.419608762,0.40555725596831427,0.8690512627892448
GENE173,-0.038550855,0.7673803928899381,0.9713675859366305
GENE49,0.1718091447842307,0.12990146580924755,0.5995452268119118
GENE296,2.653545202369673,2.5790356914211282e-05,0.000967138
GENE130,-0.251737827,0.075048626,0.48944755938514833
GENE69,0.18081801252381707,0.15563760819084377,0.6309632764493667
GENE206,-0.46891252,0.6588310075630539,0.92359487
GENE223,0.34313009518725673,0.528246407,0.9107696677795071
GENE278,-0.300108439,0.2753654521491947,0.7720526695771814
GENE201,0.17889368017414164,0.12207016170323072,0.6103508085161536
GENE139,0.4067586086848349,0.846412269,0.9996995308766705
GENE193,0.10704687206510198,0.5175104784255613,0.9186576540098721
GENE6,-2.917068478,0.000412624,0.004584706
GENE155,0.14653623664934062,0.9563484758957863,1
GENE182,-0.428578778,0.4656011759225426,0.9070152777711867
GENE272,-0.717931076,0.3949281815787033,0.8776181812860073
BRCA1,0.732824384,0.41974159479745493,0.8624827290358663
GENE64,-0.598103312,0.12932568086373533,0.6062141290487594
GENE114,1.231621056242643,0.9869002072556228,1
GENE79,0.045880388,0.9640639210508148,1
GENE115,-0.096180482,0.7132536283187579,0.9510048377583439
GENE122,-0.454693727,0.8314103807770106,0.9858621115932932
GENE194,-0.622869389,0.2953321688840104,0.7910683095107423
GENE15,-3.662458916,0.000103133,0.001473326
GENE172,-0.407905142,0.077343542,0.49368218615535336
GENE30,-0.145846875,0.47602324587940376,0.9095985590052301
GENE245,-0.600148204,0.7276821065903248,0.9532953361445303
GENE121,0.39551597352152346,0.9153808252691503,1
GENE12,-3.032864877,0.000429,0.004596426
GENE136,0.7749672025087697,0.4118463137994704,0.8520958216540767
GENE128,-0.283148865,0.872760695,1
GENE16,-3.081143765,0.000902554,0.007125425
GENE235,1.0719720446626628,0.22529496838855845,0.6896784746588523
GENE28,0.18784900917283598,0.5947659937171218,0.9293218651830029
GENE222,-0.933632596,0.3960563679956717,0.8736537529316287
GENE271,0.7206366445330578,0.31958711050878824,0.8056817911986258
GENE195,0.086590463,0.4861789684263482,0.9059235436515805
GENE104,-0.401138635,0.8957505946963705,1
GENE273,0.5815818760774798,0.6636213792650212,0.9259833199046807
GENE149,0.2609707828084488,0.780538044,0.9797548674746674
GENE75,-1.309872552,0.16164993443824965,0.6298049393698039
GENE199,0.029104359222999948,0.6517308116008895,0.9179307205646331
GENE50,-0.881520078,0.715920675,0.9503371790524301
GENE151,0.12524642517293827,0.8571650211435409,1
GENE46,-0.359922104,0.7734351001315987,0.9749181934431916
GENE103,-0.171357258,0.9528909098727308,1
GENE255,-0.759684983,0.069067638,0.4604509192589336
GENE68,0.5017664489460121,0.9110366658399992,1
GENE168,0.9483964913269737,0.582891073,0.9203543257241321
GENE269,-0.220022243,0.46007656891819537,0.9021109194474419
GENE97,0.14806013853228803,0.4818140115293845,0.9090830406214803
GENE236,0.3169595111590056,0.24888185716987477,0.7320054622643375
GENE143,-0.803741617,0.10355672181838076,0.5648548462820768
GENE251,-0.630441977,0.555986403,0.9164611040641846
GENE293,2.705317621527894,9.694704638049357e-05,0.001530743
GENE26,0.055461295,0.9525588686982647,1
GENE118,-0.584339019,0.8231052687216013,0.9837911578345832
GENE198,0.076862553,0.36231402977313276,0.8558599128499199
GENE38,-0.979835062,0.5196992894674524,0.9064522490711379
GENE279,0.034901042,0.14669334898938355,0.6112222874557648
GENE53,-0.338461,0.7209301157986714,0.9485922576298308
GENE226,0.544475298,0.8094398789635905,0.9871218036141348
GENE106,0.2020254284072692,0.6391259679114599,0.9307659726865921
GENE86,-0.250878522,0.9713848853722571,1
GENE76,0.4109512521876119,0.6667497870102604,0.9260413708475839
GENE41,0.3692332899977052,0.46945397630470814,0.9086205992994352
GENE105,-0.080642856,0.48287391514642725,0.9053885908995511
GENE4,-2.038485072,0.000806837,0.007119147
GENE154,0.11612684858050178,0.1727014443939202,0.6167908728354293
GENE145,0.12994139712421177,0.8222559586735737,0.9867071504082885
GENE112,-0.013256938,0.1238479051167356,0.6090880579511587
GENE238,0.093227157,0.5102968359314702,0.9112443498776254
GENE123,0.7013971554680496,0.9523099176273279,1
GENE244,0.43287759708506074,0.2898150971268197,0.7832840462887019
MYC,-2.869132151,0.000177448,0.002419742
GENE3,-2.476155731,0.000750617,0.007506172
GENE181,0.3128336738825031,0.4226318428447457,0.862513965
GENE286,2.023956100238749,8.967655278610006e-05,0.001582527
GENE231,-0.365183316,0.10802406186212056,0.5685476940111608
GENE44,-0.150551848,0.16121366560622558,0.6363697326561536
GENE152,0.17322410474848784,0.28498069665603776,0.7772200817891939
GENE185,-0.111731393,0.5382900147018203,0.9175397977871935
GENE125,0.29342854690013515,0.6327444361390003,0.9397194596123768
GENE220,0.04093707,0.48773982963108947,0.9032219067242399
GENE285,4.066516687328133,1.7337442192115955e-05,0.001040247
GENE207,0.2575176336043299,0.2227860801791876,0.6890291139562503
GENE210,1.9263657453273606,0.5002635582497287,0.8986770507480156
GENE54,0.30583814442043394,0.12728134160980478,0.6158774594022812
GENE218,-0.118409303,0.13426740706920282,0.5923562076582477
GENE237,-1.012571293,0.40194849765181284,0.8738010818517671
GENE135,-0.459712117,0.6144241795845284,0.9262676074138619
GENE169,-0.122694058,0.8828209225254278,1
GENE190,-0.757423612,0.952044592,1
EGFR,-0.11288815,0.060295768906283444,0.44118855297280574
GENE209,0.25752384315302396,0.9019489894107112,1
GENE298,3.1536497604383045,6.686435512812111e-05,0.001432808
GENE200,-0.571485149,0.27813833783928343,0.7726064939980096
GENE262,-0.029762678,0.6951472031872651,0.9436387373582784
GENE297,3.4497999377166253,1.7088841650247844e-05,0.001281663
GENE153,-0.340012361,0.4780169285445888,0.90762708
GENE32,0.9261390922544689,0.3622313181014201,0.8624555192890955
GENE9,-3.034737193,0.00034081,0.004089722
GENE13,-2.679018864,0.000750874,0.007266518
GENE74,0.7823218279070031,0.16287702045466834,0.6264500786718014
GENE196,0.1926586898644184,0.9810309465212032,1
GENE95,-0.196054077,0.6479287062284994,0.9212256486661129
GENE290,2.688650240089703,9.823786345299895e-05,0.001473568
GENE138,-0.161030758,0.8500129769789233,1
GENE186,0.357000247,0.794470362,0.9848806141786189
GENE88,0.16437555482984223,0.8965859580131675,1
GENE270,0.065370289,0.17120128765578557,0.6340788431695762
GENE129,0.049825683,0.092957737,0.5362946342358458
CDKN2A,3.3310653372605232,1.6068221257818242e-05,0.001606822
GENE62,-0.092829488,0.7657092759959946,0.9733592491474508
GENE83,0.738947022,0.262416047,0.7497601331242285
GENE89,-0.264880102,0.5513160536319849,0.9188600893866414
GENE205,-0.688834684,0.18188581401693965,0.6271924621273781
GENE289,3.1404959338675162,4.103974165928346e-05,0.001119266
GENE277,0.099529848,0.6254860783890428,0.9382291175835643
GENE91,0.048538774674020194,0.12010673649862892,0.6107122194845539
GENE71,0.18069780275420697,0.060785963,0.43418544663605796
GENE295,3.1785077429825237,8.170722538772089e-05,0.001634145
GENE250,0.20249085548047777,0.47504174848228187,0.9135418240043882
GENE87,0.45770105885103707,0.091001916,0.5353053903120429
GENE61,-0.239587119,0.9867010106317273,1
GENE234,-0.325800174,0.7608467058644754,0.9754444946980454
GENE256,-0.242117036,0.3559752073040193,0.8612303402516597
GENE156,-0.357175709,0.6258659027283361,0.9341282130273674
GENE228,-0.538872389,0.12767108035142832,0.6079575254829921
GENE148,-0.660228307,0.5776601203224961,0.9217980643444087
GENE175,0.13834539966500953,0.7188757796942624,0.9500560965122411
GENE43,-0.057824141,0.38336926192447474,0.8779448746362016
GENE227,0.032140009547731385,0.6465053700163624,0.9235791000233748
GENE82,0.1785562857558732,0.8751691717799873,1
GENE178,0.7267670385786584,0.063817432,0.43511885716696247
GENE232,0.10822929479098743,0.31303376573984354,0.816609824
GENE58,-0.154606188,0.40211003971354636,0.867863395
GENE276,0.23105173713163538,0.9871894863533307,1
GENE158,0.23691646045589376,0.6881156501855639,0.9426241783363888
GENE141,0.11372996730206471,0.4440785272207819,0.8881570544415638
GENE253,1.0610780985063166,0.3057810694019119,0.8118081488546334
GENE132,0.034281487403013663,0.8200256642427413,0.9919665293258967
GENE108,0.087288906,0.22871510173757326,0.6930760658714341
GENE162,0.393542302,0.6879945358131596,0.9467814713025132
GENE215,-0.157634622,0.21048830991855633,0.671771202
GENE211,0.2854452553465835,0.6841798515949759,0.9458707625736993
GENE241,-0.396260369,0.48940798032649047,0.9007508840364856
GENE20,-3.506151851,0.000895524,0.007261008
GENE94,-0.163831073,0.5469429519616413,0.9166641652988402
GENE142,0.653571377,0.3097367183341709,0.8150966271951865
GENE287,2.9241074524822084,8.023466542789655e-06,0.00240704
GENE212,0.5677828200902995,0.21370387764154836,0.6748543504469948
GENE192,0.42819939716173616,0.9302582439034197,1
GENE217,-0.386412607,0.2181599600629095,0.6817498751965921
GENE133,-0.531151857,0.9879123228491973,0.9978912352012095
GENE229,-0.357651855,0.8798996929014383,1
GENE65,0.406262911,0.7882895701310649,0.9812733238146036
GENE24,-0.712374093,0.1367223429468269,0.5859528983435438
GENE214,0.325695626,0.088825185,0.5329511127189296
GENE225,-0.235965933,0.087346533,0.5347746909125143
GENE177,0.006500946,0.17955290180743128,0.6263473318863881
GENE90,0.25663371655667805,0.9933165563133353,0.9999831103825523
GENE63,-0.553167487,0.40744660625436996,0.8608026892697958
GENE188,-0.036414456,0.6409823652164799,0.9244937959853075
GENE19,-3.254012038,0.000320056,0.004000705
GENE233,0.022785919951906892,0.8158912158034083,0.990960991
GENE170,-0.376868082,0.43330872290177713,0.8724336702720346
GENE254,0.5162326302755734,0.4084199549493915,0.8508749061445656
GENE259,0.22190971407311422,0.16377402522828866,0.6219266780821089
GENE248,-0.326664616,0.5555078110020499,0.9207311784564363
GENE221,1.1573292833367543,0.24601703248550288,0.7307436608480284
GENE239,-0.330893232,0.6373420329537812,0.9326956579811432
GENE110,-0.037222958,0.3856846166247502,0.8765559468744322
GENE246,-0.167250618,0.9004464958028394,1
GENE147,-0.618475355,0.9968049952202102,1
GENE180,1.3600845832948094,0.6104218025119015,0.9295763490028957
VEGFA,3.056758672625624,2.459584824267798e-05,0.001054108
GENE37,0.1044317975023777,0.13664579789625586,0.5941121647663299
GENE47,-0.230319385,0.63730716,0.9372164119859528
GENE171,-0.444757215,0.1773144670281087,0.6258157659815602
GENE70,-0.322559877,0.5179938490763162,0.9087611387303792
GENE117,-0.017355885,0.34405123547201133,0.8460276282098639
GENE80,-0.993784457,0.40612705054751885,0.8641001075479124
GENE166,0.20639046346824916,0.8595724253026131,1
GENE230,0.3397988744673379,0.9248287805052225,1
GENE131,-0.775331716,0.40764019853414707,0.8551892276940148
GENE189,-0.423396859,0.869245523,1
GENE280,-0.192656798,0.19521618222511544,0.6365745072558112
GENE202,0.2803922631841172,0.17243573581511676,0.6232616957172895
GENE27,-0.575496789,0.9530767895906783,1
GENE288,3.2941586032422885,5.2451186505886516e-05,0.00131128
GENE81,-0.109835944,0.3214264819677677,0.8035662049194191
GENE257,0.6334555745933114,0.25087560664671743,0.7307056504273323
GENE11,-3.031708846,0.000858414,0.007153451
GENE51,0.1620419846973975,0.11912485604598386,0.6161630485137096
GENE197,-0.441928718,0.5179871892932261,0.9140950399292225
GENE77,0.043523534,0.7587426353021521,0.9811327180631279
GENE55,0.5154997612479755,0.1305958283809323,0.5936174017315105
GENE291,2.8959388748213626,1.1203979012915019e-05,0.001680597
GENE31,-0.300853306,0.3285502331131613,0.8145873548260196
GENE100,-0.117293567,0.9061001099664395,1
GENE92,0.4843224952664446,0.5761615701812548,0.9243233746223338
GENE85,-0.404246801,0.061546750955325524,0.42939593689761996
GENE157,0.9328872555723783,0.26721066522828957,0.7562565997027063
GENE275,-0.490754326,0.3882918896029539,0.875846368
GENE219,-0.242681774,0.16460407754557077,0.6172652907958904
GENE299,3.406431059,9.293760597515967e-05,0.00154896
GENE42,0.085684141,0.8933189736203848,1
GENE242,-0.057368221,0.7600973912270688,0.9786661689618912
GENE10,-2.528719978,0.000930758,0.007159677
GENE160,0.32827680431691486,0.39025458213119846,0.8737042883534294
GENE73,-0.01791302,0.10348811189774548,0.5749339549874749
GENE144,0.092316929,0.8714862574423006,1
GENE184,0.24123620762159265,0.3808426936721353,0.8856806829584543
GENE17,-3.30641556,0.000505257,0.0052268
GENE266,-0.623891591,0.5602512147276204,0.9134530674906854
GENE109,0.12877519536138218,0.490513485,0.897280765
GENE67,-0.036005061,0.45301090878462746,0.8941004778643964
GENE35,0.4112724560515945,0.8020000915395561,0.9820409284157829
GENE159,-0.595651749,0.6372218284350011,0.9417071356182283
GENE14,-3.756640122,0.000754545,0.007073862
GENE8,-2.416282635,0.000776415,0.00705832
GENE208,0.2568929754561044,0.378383919,0.8868373105257891
GENE167,0.41103008,0.5743114968357613,0.9263088658641311
GENE60,0.4877725635611796,0.9498861485146658,1
GENE23,0.033764102,0.9101128775983005,1
GENE187,0.23661881228677242,0.4267156432052066,0.8649641416321756
GENE127,-0.495268163,0.9360920591863126,1
GENE163,0.57929779,0.5442923158586036,0.9173465997616914
GENE213,0.47700088174660116,0.2326745678682372,0.6980237036047116
GENE261,-0.463465236,0.6139128308763463,0.930170956
GENE36,-0.610421825,0.8001372356548262,0.9837752897395404
GENE107,0.9430929506052651,0.313512124,0.8108072168070931
GENE260,0.3873170267146684,0.8960009167029002,1
GENE249,0.8827271201405484,0.15181341077278726,0.6238907292032353
GENE7,-2.010393592,0.000372024,0.004292589
GENE140,-0.615432158,0.49525850180522174,0.8950454851901598
GENE93,-0.351026547,0.9708374088381441,1
GENE247,-0.237472656,0.5360935700098828,0.9190175485883705
GENE137,-0.391626646,0.971418678,1
GENE5,-2.917076687,0.000990505,0.007428789
GENE111,-0.959385608,0.6044733062583285,0.9347525354510234
GENE191,-0.223257476,0.18971980688258605,0.639504967
GENE48,0.5285611131094579,0.14606654231665073,0.6171825731689468
GENE45,-0.739260995,0.18584209795019407,0.6335526066483889
GENE263,-1.62063367,0.7997126766769714,0.9872996008357672
GENE150,0.14849233661659303,0.9475274433883066,1
GENE29,-0.300319345,0.6502453515613094,0.9201585163603434
GENE292,2.753499532670584,3.9785620119014264e-05,0.001193569
GENE267,0.8162056519658176,0.6074990621198352,0.9298455032446457
GENE52,-0.19254114,0.8307670563258384,0.9890084003879028
GENE78,-0.149503675,0.6042003268423016,0.939171493
GENE102,-0.210322661,0.3169150301126188,0.8057161782524206
GENE243,0.25249363949022857,0.084849043,0.530306517
GENE264,-0.512193821,0.5235200889826044,0.9078383045941116
